Date,Serial,OF,Nom_Cote,Mesure,Nominal,Tolérance_Min,Tolérance_Max
2025-05-10,S0001,9009,Rayon extérieur,275.265,275.0,274.8,275.1
2025-05-10,S0001,9009,Rayon intérieur jante,209.874,210.0,209.7,210.3
2025-05-10,S0001,9009,Rayon hors tout,320.103,320.0,319.8,320.3
2025-05-10,S0001,9009,Rayon fond,39.91,40.0,39.9,40.1
2025-05-10,S0001,9009,Diamètre global max,325.472,325.81,325.31,326.11
2025-05-10,S0001,9009,Rayon extérieur (2e mention),275.091,275.0,274.4,275.6
2025-05-10,S0001,9009,Épaisseur patin,29.879,30.0,29.6,30.4
2025-05-10,S0001,9009,Largeur gorge centrale,79.819,79.97,79.77,80.17
2025-05-10,S0001,9009,Rayon fond (2e mention),39.897,40.0,39.85,40.15
2025-05-10,S0001,9009,Hauteur jante,174.661,175.0,174.75,175.25
2025-05-10,S0001,9009,Cercle de perçage,144.76,145.0,144.8,145.2
2025-05-10,S0001,9009,Rayon congé usinage,3.976,4.0,3.95,4.05
2025-05-10,S0001,9009,Petit alésage,85.106,85.0,84.8,85.2
2025-05-10,S0001,9009,Alésage moyen,95.115,95.0,94.75,95.25
2025-05-10,S0001,9009,Alésage grand,105.024,105.0,104.8,105.2
2025-05-11,S0002,5259,Rayon extérieur,275.0,275.0,274.8,275.1
2025-05-11,S0002,5259,Rayon intérieur jante,209.808,210.0,209.7,210.3
2025-05-11,S0002,5259,Rayon hors tout,320.359,320.0,319.8,320.3
2025-05-11,S0002,5259,Rayon fond,40.086,40.0,39.9,40.1
2025-05-11,S0002,5259,Diamètre global max,325.885,325.81,325.31,326.11
2025-05-11,S0002,5259,Rayon extérieur (2e mention),274.754,275.0,274.4,275.6
2025-05-11,S0002,5259,Épaisseur patin,29.758,30.0,29.6,30.4
2025-05-11,S0002,5259,Largeur gorge centrale,79.738,79.97,79.77,80.17
2025-05-11,S0002,5259,Rayon fond (2e mention),39.939,40.0,39.85,40.15
2025-05-11,S0002,5259,Hauteur jante,175.177,175.0,174.75,175.25
2025-05-11,S0002,5259,Cercle de perçage,145.083,145.0,144.8,145.2
2025-05-11,S0002,5259,Rayon congé usinage,3.956,4.0,3.95,4.05
2025-05-11,S0002,5259,Petit alésage,85.038,85.0,84.8,85.2
2025-05-11,S0002,5259,Alésage moyen,94.973,95.0,94.75,95.25
2025-05-11,S0002,5259,Alésage grand,104.824,105.0,104.8,105.2
2025-05-12,S0003,9929,Rayon extérieur,275.005,275.0,274.8,275.1
2025-05-12,S0003,9929,Rayon intérieur jante,210.002,210.0,209.7,210.3
2025-05-12,S0003,9929,Rayon hors tout,319.906,320.0,319.8,320.3
2025-05-12,S0003,9929,Rayon fond,39.961,40.0,39.9,40.1
2025-05-12,S0003,9929,Diamètre global max,325.716,325.81,325.31,326.11
2025-05-12,S0003,9929,Rayon extérieur (2e mention),274.793,275.0,274.4,275.6
2025-05-12,S0003,9929,Épaisseur patin,30.29,30.0,29.6,30.4
2025-05-12,S0003,9929,Largeur gorge centrale,80.084,79.97,79.77,80.17
2025-05-12,S0003,9929,Rayon fond (2e mention),39.982,40.0,39.85,40.15
2025-05-12,S0003,9929,Hauteur jante,174.851,175.0,174.75,175.25
2025-05-12,S0003,9929,Cercle de perçage,145.171,145.0,144.8,145.2
2025-05-12,S0003,9929,Rayon congé usinage,4.051,4.0,3.95,4.05
2025-05-12,S0003,9929,Petit alésage,84.882,85.0,84.8,85.2
2025-05-12,S0003,9929,Alésage moyen,95.1,95.0,94.75,95.25
2025-05-12,S0003,9929,Alésage grand,105.043,105.0,104.8,105.2
2025-05-13,S0004,6741,Rayon extérieur,274.858,275.0,274.8,275.1
2025-05-13,S0004,6741,Rayon intérieur jante,210.097,210.0,209.7,210.3
2025-05-13,S0004,6741,Rayon hors tout,319.904,320.0,319.8,320.3
2025-05-13,S0004,6741,Rayon fond,39.993,40.0,39.9,40.1
2025-05-13,S0004,6741,Diamètre global max,325.214,325.81,325.31,326.11
2025-05-13,S0004,6741,Rayon extérieur (2e mention),274.712,275.0,274.4,275.6
2025-05-13,S0004,6741,Épaisseur patin,30.217,30.0,29.6,30.4
2025-05-13,S0004,6741,Largeur gorge centrale,79.821,79.97,79.77,80.17
2025-05-13,S0004,6741,Rayon fond (2e mention),39.829,40.0,39.85,40.15
2025-05-13,S0004,6741,Hauteur jante,175.076,175.0,174.75,175.25
2025-05-13,S0004,6741,Cercle de perçage,144.963,145.0,144.8,145.2
2025-05-13,S0004,6741,Rayon congé usinage,3.995,4.0,3.95,4.05
2025-05-13,S0004,6741,Petit alésage,85.072,85.0,84.8,85.2
2025-05-13,S0004,6741,Alésage moyen,95.188,95.0,94.75,95.25
2025-05-13,S0004,6741,Alésage grand,104.975,105.0,104.8,105.2
2025-05-14,S0005,7904,Rayon extérieur,274.821,275.0,274.8,275.1
2025-05-14,S0005,7904,Rayon intérieur jante,210.092,210.0,209.7,210.3
2025-05-14,S0005,7904,Rayon hors tout,320.357,320.0,319.8,320.3
2025-05-14,S0005,7904,Rayon fond,40.032,40.0,39.9,40.1
2025-05-14,S0005,7904,Diamètre global max,326.076,325.81,325.31,326.11
2025-05-14,S0005,7904,Rayon extérieur (2e mention),275.696,275.0,274.4,275.6
2025-05-14,S0005,7904,Épaisseur patin,29.995,30.0,29.6,30.4
2025-05-14,S0005,7904,Largeur gorge centrale,80.034,79.97,79.77,80.17
2025-05-14,S0005,7904,Rayon fond (2e mention),39.936,40.0,39.85,40.15
2025-05-14,S0005,7904,Hauteur jante,175.058,175.0,174.75,175.25
2025-05-14,S0005,7904,Cercle de perçage,144.967,145.0,144.8,145.2
2025-05-14,S0005,7904,Rayon congé usinage,4.027,4.0,3.95,4.05
2025-05-14,S0005,7904,Petit alésage,84.797,85.0,84.8,85.2
2025-05-14,S0005,7904,Alésage moyen,94.814,95.0,94.75,95.25
2025-05-14,S0005,7904,Alésage grand,104.751,105.0,104.8,105.2
2025-05-15,S0006,5914,Rayon extérieur,274.922,275.0,274.8,275.1
2025-05-15,S0006,5914,Rayon intérieur jante,209.857,210.0,209.7,210.3
2025-05-15,S0006,5914,Rayon hors tout,320.26,320.0,319.8,320.3
2025-05-15,S0006,5914,Rayon fond,39.931,40.0,39.9,40.1
2025-05-15,S0006,5914,Diamètre global max,325.538,325.81,325.31,326.11
2025-05-15,S0006,5914,Rayon extérieur (2e mention),275.026,275.0,274.4,275.6
2025-05-15,S0006,5914,Épaisseur patin,29.907,30.0,29.6,30.4
2025-05-15,S0006,5914,Largeur gorge centrale,79.958,79.97,79.77,80.17
2025-05-15,S0006,5914,Rayon fond (2e mention),39.878,40.0,39.85,40.15
2025-05-15,S0006,5914,Hauteur jante,175.004,175.0,174.75,175.25
2025-05-15,S0006,5914,Cercle de perçage,144.968,145.0,144.8,145.2
2025-05-15,S0006,5914,Rayon congé usinage,3.961,4.0,3.95,4.05
2025-05-15,S0006,5914,Petit alésage,84.826,85.0,84.8,85.2
2025-05-15,S0006,5914,Alésage moyen,95.073,95.0,94.75,95.25
2025-05-15,S0006,5914,Alésage grand,105.221,105.0,104.8,105.2
2025-05-16,S0007,1531,Rayon extérieur,275.07,275.0,274.8,275.1
2025-05-16,S0007,1531,Rayon intérieur jante,209.87,210.0,209.7,210.3
2025-05-16,S0007,1531,Rayon hors tout,319.753,320.0,319.8,320.3
2025-05-16,S0007,1531,Rayon fond,40.021,40.0,39.9,40.1
2025-05-16,S0007,1531,Diamètre global max,325.714,325.81,325.31,326.11
2025-05-16,S0007,1531,Rayon extérieur (2e mention),275.859,275.0,274.4,275.6
2025-05-16,S0007,1531,Épaisseur patin,29.968,30.0,29.6,30.4
2025-05-16,S0007,1531,Largeur gorge centrale,79.853,79.97,79.77,80.17
2025-05-16,S0007,1531,Rayon fond (2e mention),39.817,40.0,39.85,40.15
2025-05-16,S0007,1531,Hauteur jante,174.799,175.0,174.75,175.25
2025-05-16,S0007,1531,Cercle de perçage,144.888,145.0,144.8,145.2
2025-05-16,S0007,1531,Rayon congé usinage,3.967,4.0,3.95,4.05
2025-05-16,S0007,1531,Petit alésage,84.78,85.0,84.8,85.2
2025-05-16,S0007,1531,Alésage moyen,95.196,95.0,94.75,95.25
2025-05-16,S0007,1531,Alésage grand,104.834,105.0,104.8,105.2
2025-05-17,S0008,5231,Rayon extérieur,274.847,275.0,274.8,275.1
2025-05-17,S0008,5231,Rayon intérieur jante,209.909,210.0,209.7,210.3
2025-05-17,S0008,5231,Rayon hors tout,319.891,320.0,319.8,320.3
2025-05-17,S0008,5231,Rayon fond,39.967,40.0,39.9,40.1
2025-05-17,S0008,5231,Diamètre global max,325.869,325.81,325.31,326.11
2025-05-17,S0008,5231,Rayon extérieur (2e mention),274.693,275.0,274.4,275.6
2025-05-17,S0008,5231,Épaisseur patin,30.176,30.0,29.6,30.4
2025-05-17,S0008,5231,Largeur gorge centrale,79.82,79.97,79.77,80.17
2025-05-17,S0008,5231,Rayon fond (2e mention),39.912,40.0,39.85,40.15
2025-05-17,S0008,5231,Hauteur jante,174.938,175.0,174.75,175.25
2025-05-17,S0008,5231,Cercle de perçage,144.837,145.0,144.8,145.2
2025-05-17,S0008,5231,Rayon congé usinage,4.002,4.0,3.95,4.05
2025-05-17,S0008,5231,Petit alésage,84.883,85.0,84.8,85.2
2025-05-17,S0008,5231,Alésage moyen,94.865,95.0,94.75,95.25
2025-05-17,S0008,5231,Alésage grand,104.796,105.0,104.8,105.2
2025-05-18,S0009,2609,Rayon extérieur,274.829,275.0,274.8,275.1
2025-05-18,S0009,2609,Rayon intérieur jante,210.29,210.0,209.7,210.3
2025-05-18,S0009,2609,Rayon hors tout,320.175,320.0,319.8,320.3
2025-05-18,S0009,2609,Rayon fond,39.938,40.0,39.9,40.1
2025-05-18,S0009,2609,Diamètre global max,325.524,325.81,325.31,326.11
2025-05-18,S0009,2609,Rayon extérieur (2e mention),275.345,275.0,274.4,275.6
2025-05-18,S0009,2609,Épaisseur patin,29.684,30.0,29.6,30.4
2025-05-18,S0009,2609,Largeur gorge centrale,79.811,79.97,79.77,80.17
2025-05-18,S0009,2609,Rayon fond (2e mention),39.985,40.0,39.85,40.15
2025-05-18,S0009,2609,Hauteur jante,175.144,175.0,174.75,175.25
2025-05-18,S0009,2609,Cercle de perçage,144.88,145.0,144.8,145.2
2025-05-18,S0009,2609,Rayon congé usinage,3.991,4.0,3.95,4.05
2025-05-18,S0009,2609,Petit alésage,84.831,85.0,84.8,85.2
2025-05-18,S0009,2609,Alésage moyen,94.925,95.0,94.75,95.25
2025-05-18,S0009,2609,Alésage grand,105.305,105.0,104.8,105.2
2025-05-19,S0010,4667,Rayon extérieur,274.864,275.0,274.8,275.1
2025-05-19,S0010,4667,Rayon intérieur jante,209.778,210.0,209.7,210.3
2025-05-19,S0010,4667,Rayon hors tout,320.075,320.0,319.8,320.3
2025-05-19,S0010,4667,Rayon fond,39.965,40.0,39.9,40.1
2025-05-19,S0010,4667,Diamètre global max,325.511,325.81,325.31,326.11
2025-05-19,S0010,4667,Rayon extérieur (2e mention),274.312,275.0,274.4,275.6
2025-05-19,S0010,4667,Épaisseur patin,30.254,30.0,29.6,30.4
2025-05-19,S0010,4667,Largeur gorge centrale,79.913,79.97,79.77,80.17
2025-05-19,S0010,4667,Rayon fond (2e mention),39.813,40.0,39.85,40.15
2025-05-19,S0010,4667,Hauteur jante,175.051,175.0,174.75,175.25
2025-05-19,S0010,4667,Cercle de perçage,145.059,145.0,144.8,145.2
2025-05-19,S0010,4667,Rayon congé usinage,4.074,4.0,3.95,4.05
2025-05-19,S0010,4667,Petit alésage,84.999,85.0,84.8,85.2
2025-05-19,S0010,4667,Alésage moyen,95.149,95.0,94.75,95.25
2025-05-19,S0010,4667,Alésage grand,104.757,105.0,104.8,105.2
2025-05-20,S0011,1862,Rayon extérieur,274.811,275.0,274.8,275.1
2025-05-20,S0011,1862,Rayon intérieur jante,210.155,210.0,209.7,210.3
2025-05-20,S0011,1862,Rayon hors tout,320.153,320.0,319.8,320.3
2025-05-20,S0011,1862,Rayon fond,39.98,40.0,39.9,40.1
2025-05-20,S0011,1862,Diamètre global max,325.489,325.81,325.31,326.11
2025-05-20,S0011,1862,Rayon extérieur (2e mention),275.353,275.0,274.4,275.6
2025-05-20,S0011,1862,Épaisseur patin,29.774,30.0,29.6,30.4
2025-05-20,S0011,1862,Largeur gorge centrale,79.915,79.97,79.77,80.17
2025-05-20,S0011,1862,Rayon fond (2e mention),39.959,40.0,39.85,40.15
2025-05-20,S0011,1862,Hauteur jante,174.924,175.0,174.75,175.25
2025-05-20,S0011,1862,Cercle de perçage,144.93,145.0,144.8,145.2
2025-05-20,S0011,1862,Rayon congé usinage,4.021,4.0,3.95,4.05
2025-05-20,S0011,1862,Petit alésage,84.919,85.0,84.8,85.2
2025-05-20,S0011,1862,Alésage moyen,94.866,95.0,94.75,95.25
2025-05-20,S0011,1862,Alésage grand,105.057,105.0,104.8,105.2
2025-05-21,S0012,2038,Rayon extérieur,274.915,275.0,274.8,275.1
2025-05-21,S0012,2038,Rayon intérieur jante,210.222,210.0,209.7,210.3
2025-05-21,S0012,2038,Rayon hors tout,320.341,320.0,319.8,320.3
2025-05-21,S0012,2038,Rayon fond,40.082,40.0,39.9,40.1
2025-05-21,S0012,2038,Diamètre global max,325.6,325.81,325.31,326.11
2025-05-21,S0012,2038,Rayon extérieur (2e mention),274.668,275.0,274.4,275.6
2025-05-21,S0012,2038,Épaisseur patin,29.923,30.0,29.6,30.4
2025-05-21,S0012,2038,Largeur gorge centrale,79.926,79.97,79.77,80.17
2025-05-21,S0012,2038,Rayon fond (2e mention),40.106,40.0,39.85,40.15
2025-05-21,S0012,2038,Hauteur jante,175.24,175.0,174.75,175.25
2025-05-21,S0012,2038,Cercle de perçage,145.111,145.0,144.8,145.2
2025-05-21,S0012,2038,Rayon congé usinage,3.972,4.0,3.95,4.05
2025-05-21,S0012,2038,Petit alésage,85.078,85.0,84.8,85.2
2025-05-21,S0012,2038,Alésage moyen,95.071,95.0,94.75,95.25
2025-05-21,S0012,2038,Alésage grand,105.063,105.0,104.8,105.2
2025-05-22,S0013,2247,Rayon extérieur,274.925,275.0,274.8,275.1
2025-05-22,S0013,2247,Rayon intérieur jante,210.147,210.0,209.7,210.3
2025-05-22,S0013,2247,Rayon hors tout,319.79,320.0,319.8,320.3
2025-05-22,S0013,2247,Rayon fond,40.055,40.0,39.9,40.1
2025-05-22,S0013,2247,Diamètre global max,325.91,325.81,325.31,326.11
2025-05-22,S0013,2247,Rayon extérieur (2e mention),274.572,275.0,274.4,275.6
2025-05-22,S0013,2247,Épaisseur patin,29.785,30.0,29.6,30.4
2025-05-22,S0013,2247,Largeur gorge centrale,80.009,79.97,79.77,80.17
2025-05-22,S0013,2247,Rayon fond (2e mention),39.953,40.0,39.85,40.15
2025-05-22,S0013,2247,Hauteur jante,175.165,175.0,174.75,175.25
2025-05-22,S0013,2247,Cercle de perçage,144.879,145.0,144.8,145.2
2025-05-22,S0013,2247,Rayon congé usinage,3.986,4.0,3.95,4.05
2025-05-22,S0013,2247,Petit alésage,84.944,85.0,84.8,85.2
2025-05-22,S0013,2247,Alésage moyen,94.99,95.0,94.75,95.25
2025-05-22,S0013,2247,Alésage grand,105.306,105.0,104.8,105.2
2025-05-23,S0014,6964,Rayon extérieur,274.913,275.0,274.8,275.1
2025-05-23,S0014,6964,Rayon intérieur jante,209.961,210.0,209.7,210.3
2025-05-23,S0014,6964,Rayon hors tout,320.285,320.0,319.8,320.3
2025-05-23,S0014,6964,Rayon fond,39.989,40.0,39.9,40.1
2025-05-23,S0014,6964,Diamètre global max,325.972,325.81,325.31,326.11
2025-05-23,S0014,6964,Rayon extérieur (2e mention),275.34,275.0,274.4,275.6
2025-05-23,S0014,6964,Épaisseur patin,29.659,30.0,29.6,30.4
2025-05-23,S0014,6964,Largeur gorge centrale,79.862,79.97,79.77,80.17
2025-05-23,S0014,6964,Rayon fond (2e mention),40.071,40.0,39.85,40.15
2025-05-23,S0014,6964,Hauteur jante,174.913,175.0,174.75,175.25
2025-05-23,S0014,6964,Cercle de perçage,145.101,145.0,144.8,145.2
2025-05-23,S0014,6964,Rayon congé usinage,3.95,4.0,3.95,4.05
2025-05-23,S0014,6964,Petit alésage,85.026,85.0,84.8,85.2
2025-05-23,S0014,6964,Alésage moyen,94.812,95.0,94.75,95.25
2025-05-23,S0014,6964,Alésage grand,104.872,105.0,104.8,105.2
2025-05-24,S0015,8215,Rayon extérieur,274.972,275.0,274.8,275.1
2025-05-24,S0015,8215,Rayon intérieur jante,210.074,210.0,209.7,210.3
2025-05-24,S0015,8215,Rayon hors tout,319.87,320.0,319.8,320.3
2025-05-24,S0015,8215,Rayon fond,40.017,40.0,39.9,40.1
2025-05-24,S0015,8215,Diamètre global max,325.465,325.81,325.31,326.11
2025-05-24,S0015,8215,Rayon extérieur (2e mention),275.555,275.0,274.4,275.6
2025-05-24,S0015,8215,Épaisseur patin,30.074,30.0,29.6,30.4
2025-05-24,S0015,8215,Largeur gorge centrale,80.005,79.97,79.77,80.17
2025-05-24,S0015,8215,Rayon fond (2e mention),40.058,40.0,39.85,40.15
2025-05-24,S0015,8215,Hauteur jante,175.288,175.0,174.75,175.25
2025-05-24,S0015,8215,Cercle de perçage,144.979,145.0,144.8,145.2
2025-05-24,S0015,8215,Rayon congé usinage,4.015,4.0,3.95,4.05
2025-05-24,S0015,8215,Petit alésage,84.895,85.0,84.8,85.2
2025-05-24,S0015,8215,Alésage moyen,95.136,95.0,94.75,95.25
2025-05-24,S0015,8215,Alésage grand,105.076,105.0,104.8,105.2
2025-05-25,S0016,8174,Rayon extérieur,274.897,275.0,274.8,275.1
2025-05-25,S0016,8174,Rayon intérieur jante,210.038,210.0,209.7,210.3
2025-05-25,S0016,8174,Rayon hors tout,320.209,320.0,319.8,320.3
2025-05-25,S0016,8174,Rayon fond,40.12,40.0,39.9,40.1
2025-05-25,S0016,8174,Diamètre global max,325.739,325.81,325.31,326.11
2025-05-25,S0016,8174,Rayon extérieur (2e mention),274.926,275.0,274.4,275.6
2025-05-25,S0016,8174,Épaisseur patin,30.397,30.0,29.6,30.4
2025-05-25,S0016,8174,Largeur gorge centrale,80.115,79.97,79.77,80.17
2025-05-25,S0016,8174,Rayon fond (2e mention),40.092,40.0,39.85,40.15
2025-05-25,S0016,8174,Hauteur jante,174.891,175.0,174.75,175.25
2025-05-25,S0016,8174,Cercle de perçage,145.017,145.0,144.8,145.2
2025-05-25,S0016,8174,Rayon congé usinage,4.042,4.0,3.95,4.05
2025-05-25,S0016,8174,Petit alésage,84.978,85.0,84.8,85.2
2025-05-25,S0016,8174,Alésage moyen,95.135,95.0,94.75,95.25
2025-05-25,S0016,8174,Alésage grand,105.195,105.0,104.8,105.2
2025-05-26,S0017,3554,Rayon extérieur,274.964,275.0,274.8,275.1
2025-05-26,S0017,3554,Rayon intérieur jante,210.33,210.0,209.7,210.3
2025-05-26,S0017,3554,Rayon hors tout,319.861,320.0,319.8,320.3
2025-05-26,S0017,3554,Rayon fond,40.039,40.0,39.9,40.1
2025-05-26,S0017,3554,Diamètre global max,325.911,325.81,325.31,326.11
2025-05-26,S0017,3554,Rayon extérieur (2e mention),274.363,275.0,274.4,275.6
2025-05-26,S0017,3554,Épaisseur patin,30.482,30.0,29.6,30.4
2025-05-26,S0017,3554,Largeur gorge centrale,79.96,79.97,79.77,80.17
2025-05-26,S0017,3554,Rayon fond (2e mention),39.803,40.0,39.85,40.15
2025-05-26,S0017,3554,Hauteur jante,175.224,175.0,174.75,175.25
2025-05-26,S0017,3554,Cercle de perçage,144.938,145.0,144.8,145.2
2025-05-26,S0017,3554,Rayon congé usinage,4.053,4.0,3.95,4.05
2025-05-26,S0017,3554,Petit alésage,84.826,85.0,84.8,85.2
2025-05-26,S0017,3554,Alésage moyen,95.071,95.0,94.75,95.25
2025-05-26,S0017,3554,Alésage grand,104.962,105.0,104.8,105.2
2025-05-27,S0018,3334,Rayon extérieur,275.041,275.0,274.8,275.1
2025-05-27,S0018,3334,Rayon intérieur jante,210.249,210.0,209.7,210.3
2025-05-27,S0018,3334,Rayon hors tout,320.219,320.0,319.8,320.3
2025-05-27,S0018,3334,Rayon fond,39.915,40.0,39.9,40.1
2025-05-27,S0018,3334,Diamètre global max,325.506,325.81,325.31,326.11
2025-05-27,S0018,3334,Rayon extérieur (2e mention),275.091,275.0,274.4,275.6
2025-05-27,S0018,3334,Épaisseur patin,30.089,30.0,29.6,30.4
2025-05-27,S0018,3334,Largeur gorge centrale,80.048,79.97,79.77,80.17
2025-05-27,S0018,3334,Rayon fond (2e mention),39.814,40.0,39.85,40.15
2025-05-27,S0018,3334,Hauteur jante,175.388,175.0,174.75,175.25
2025-05-27,S0018,3334,Cercle de perçage,145.244,145.0,144.8,145.2
2025-05-27,S0018,3334,Rayon congé usinage,3.995,4.0,3.95,4.05
2025-05-27,S0018,3334,Petit alésage,85.189,85.0,84.8,85.2
2025-05-27,S0018,3334,Alésage moyen,94.724,95.0,94.75,95.25
2025-05-27,S0018,3334,Alésage grand,104.966,105.0,104.8,105.2
2025-05-28,S0019,3839,Rayon extérieur,274.946,275.0,274.8,275.1
2025-05-28,S0019,3839,Rayon intérieur jante,210.067,210.0,209.7,210.3
2025-05-28,S0019,3839,Rayon hors tout,320.04,320.0,319.8,320.3
2025-05-28,S0019,3839,Rayon fond,40.092,40.0,39.9,40.1
2025-05-28,S0019,3839,Diamètre global max,325.896,325.81,325.31,326.11
2025-05-28,S0019,3839,Rayon extérieur (2e mention),274.926,275.0,274.4,275.6
2025-05-28,S0019,3839,Épaisseur patin,30.382,30.0,29.6,30.4
2025-05-28,S0019,3839,Largeur gorge centrale,79.844,79.97,79.77,80.17
2025-05-28,S0019,3839,Rayon fond (2e mention),39.978,40.0,39.85,40.15
2025-05-28,S0019,3839,Hauteur jante,175.225,175.0,174.75,175.25
2025-05-28,S0019,3839,Cercle de perçage,144.866,145.0,144.8,145.2
2025-05-28,S0019,3839,Rayon congé usinage,3.973,4.0,3.95,4.05
2025-05-28,S0019,3839,Petit alésage,84.947,85.0,84.8,85.2
2025-05-28,S0019,3839,Alésage moyen,94.809,95.0,94.75,95.25
2025-05-28,S0019,3839,Alésage grand,104.845,105.0,104.8,105.2
2025-05-29,S0020,5400,Rayon extérieur,275.005,275.0,274.8,275.1
2025-05-29,S0020,5400,Rayon intérieur jante,209.999,210.0,209.7,210.3
2025-05-29,S0020,5400,Rayon hors tout,320.17,320.0,319.8,320.3
2025-05-29,S0020,5400,Rayon fond,40.035,40.0,39.9,40.1
2025-05-29,S0020,5400,Diamètre global max,325.424,325.81,325.31,326.11
2025-05-29,S0020,5400,Rayon extérieur (2e mention),275.571,275.0,274.4,275.6
2025-05-29,S0020,5400,Épaisseur patin,29.771,30.0,29.6,30.4
2025-05-29,S0020,5400,Largeur gorge centrale,79.844,79.97,79.77,80.17
2025-05-29,S0020,5400,Rayon fond (2e mention),40.128,40.0,39.85,40.15
2025-05-29,S0020,5400,Hauteur jante,175.1,175.0,174.75,175.25
2025-05-29,S0020,5400,Cercle de perçage,145.237,145.0,144.8,145.2
2025-05-29,S0020,5400,Rayon congé usinage,3.957,4.0,3.95,4.05
2025-05-29,S0020,5400,Petit alésage,84.93,85.0,84.8,85.2
2025-05-29,S0020,5400,Alésage moyen,94.946,95.0,94.75,95.25
2025-05-29,S0020,5400,Alésage grand,104.757,105.0,104.8,105.2
2025-05-30,S0021,9546,Rayon extérieur,275.014,275.0,274.8,275.1
2025-05-30,S0021,9546,Rayon intérieur jante,209.807,210.0,209.7,210.3
2025-05-30,S0021,9546,Rayon hors tout,320.266,320.0,319.8,320.3
2025-05-30,S0021,9546,Rayon fond,40.069,40.0,39.9,40.1
2025-05-30,S0021,9546,Diamètre global max,326.144,325.81,325.31,326.11
2025-05-30,S0021,9546,Rayon extérieur (2e mention),275.081,275.0,274.4,275.6
2025-05-30,S0021,9546,Épaisseur patin,29.541,30.0,29.6,30.4
2025-05-30,S0021,9546,Largeur gorge centrale,80.095,79.97,79.77,80.17
2025-05-30,S0021,9546,Rayon fond (2e mention),39.953,40.0,39.85,40.15
2025-05-30,S0021,9546,Hauteur jante,175.156,175.0,174.75,175.25
2025-05-30,S0021,9546,Cercle de perçage,144.903,145.0,144.8,145.2
2025-05-30,S0021,9546,Rayon congé usinage,4.053,4.0,3.95,4.05
2025-05-30,S0021,9546,Petit alésage,85.006,85.0,84.8,85.2
2025-05-30,S0021,9546,Alésage moyen,94.896,95.0,94.75,95.25
2025-05-30,S0021,9546,Alésage grand,105.3,105.0,104.8,105.2
2025-05-31,S0022,6546,Rayon extérieur,275.073,275.0,274.8,275.1
2025-05-31,S0022,6546,Rayon intérieur jante,210.102,210.0,209.7,210.3
2025-05-31,S0022,6546,Rayon hors tout,319.879,320.0,319.8,320.3
2025-05-31,S0022,6546,Rayon fond,39.988,40.0,39.9,40.1
2025-05-31,S0022,6546,Diamètre global max,325.812,325.81,325.31,326.11
2025-05-31,S0022,6546,Rayon extérieur (2e mention),274.704,275.0,274.4,275.6
2025-05-31,S0022,6546,Épaisseur patin,30.05,30.0,29.6,30.4
2025-05-31,S0022,6546,Largeur gorge centrale,80.018,79.97,79.77,80.17
2025-05-31,S0022,6546,Rayon fond (2e mention),39.993,40.0,39.85,40.15
2025-05-31,S0022,6546,Hauteur jante,175.235,175.0,174.75,175.25
2025-05-31,S0022,6546,Cercle de perçage,144.915,145.0,144.8,145.2
2025-05-31,S0022,6546,Rayon congé usinage,4.035,4.0,3.95,4.05
2025-05-31,S0022,6546,Petit alésage,85.067,85.0,84.8,85.2
2025-05-31,S0022,6546,Alésage moyen,94.89,95.0,94.75,95.25
2025-05-31,S0022,6546,Alésage grand,105.196,105.0,104.8,105.2
2025-06-01,S0023,2880,Rayon extérieur,275.031,275.0,274.8,275.1
2025-06-01,S0023,2880,Rayon intérieur jante,209.827,210.0,209.7,210.3
2025-06-01,S0023,2880,Rayon hors tout,320.342,320.0,319.8,320.3
2025-06-01,S0023,2880,Rayon fond,40.061,40.0,39.9,40.1
2025-06-01,S0023,2880,Diamètre global max,325.999,325.81,325.31,326.11
2025-06-01,S0023,2880,Rayon extérieur (2e mention),274.485,275.0,274.4,275.6
2025-06-01,S0023,2880,Épaisseur patin,30.242,30.0,29.6,30.4
2025-06-01,S0023,2880,Largeur gorge centrale,80.016,79.97,79.77,80.17
2025-06-01,S0023,2880,Rayon fond (2e mention),39.942,40.0,39.85,40.15
2025-06-01,S0023,2880,Hauteur jante,175.211,175.0,174.75,175.25
2025-06-01,S0023,2880,Cercle de perçage,145.033,145.0,144.8,145.2
2025-06-01,S0023,2880,Rayon congé usinage,3.969,4.0,3.95,4.05
2025-06-01,S0023,2880,Petit alésage,84.902,85.0,84.8,85.2
2025-06-01,S0023,2880,Alésage moyen,94.876,95.0,94.75,95.25
2025-06-01,S0023,2880,Alésage grand,104.995,105.0,104.8,105.2
2025-06-02,S0024,5156,Rayon extérieur,274.995,275.0,274.8,275.1
2025-06-02,S0024,5156,Rayon intérieur jante,209.713,210.0,209.7,210.3
2025-06-02,S0024,5156,Rayon hors tout,320.0,320.0,319.8,320.3
2025-06-02,S0024,5156,Rayon fond,40.075,40.0,39.9,40.1
2025-06-02,S0024,5156,Diamètre global max,326.171,325.81,325.31,326.11
2025-06-02,S0024,5156,Rayon extérieur (2e mention),274.561,275.0,274.4,275.6
2025-06-02,S0024,5156,Épaisseur patin,29.751,30.0,29.6,30.4
2025-06-02,S0024,5156,Largeur gorge centrale,79.897,79.97,79.77,80.17
2025-06-02,S0024,5156,Rayon fond (2e mention),39.995,40.0,39.85,40.15
2025-06-02,S0024,5156,Hauteur jante,174.769,175.0,174.75,175.25
2025-06-02,S0024,5156,Cercle de perçage,145.169,145.0,144.8,145.2
2025-06-02,S0024,5156,Rayon congé usinage,3.996,4.0,3.95,4.05
2025-06-02,S0024,5156,Petit alésage,84.851,85.0,84.8,85.2
2025-06-02,S0024,5156,Alésage moyen,95.008,95.0,94.75,95.25
2025-06-02,S0024,5156,Alésage grand,105.038,105.0,104.8,105.2
2025-06-03,S0025,3154,Rayon extérieur,274.905,275.0,274.8,275.1
2025-06-03,S0025,3154,Rayon intérieur jante,209.696,210.0,209.7,210.3
2025-06-03,S0025,3154,Rayon hors tout,320.083,320.0,319.8,320.3
2025-06-03,S0025,3154,Rayon fond,40.104,40.0,39.9,40.1
2025-06-03,S0025,3154,Diamètre global max,325.596,325.81,325.31,326.11
2025-06-03,S0025,3154,Rayon extérieur (2e mention),275.443,275.0,274.4,275.6
2025-06-03,S0025,3154,Épaisseur patin,30.62,30.0,29.6,30.4
2025-06-03,S0025,3154,Largeur gorge centrale,79.836,79.97,79.77,80.17
2025-06-03,S0025,3154,Rayon fond (2e mention),40.147,40.0,39.85,40.15
2025-06-03,S0025,3154,Hauteur jante,174.945,175.0,174.75,175.25
2025-06-03,S0025,3154,Cercle de perçage,144.886,145.0,144.8,145.2
2025-06-03,S0025,3154,Rayon congé usinage,3.983,4.0,3.95,4.05
2025-06-03,S0025,3154,Petit alésage,84.874,85.0,84.8,85.2
2025-06-03,S0025,3154,Alésage moyen,95.096,95.0,94.75,95.25
2025-06-03,S0025,3154,Alésage grand,104.924,105.0,104.8,105.2
2025-06-04,S0026,6966,Rayon extérieur,274.739,275.0,274.8,275.1
2025-06-04,S0026,6966,Rayon intérieur jante,209.857,210.0,209.7,210.3
2025-06-04,S0026,6966,Rayon hors tout,319.928,320.0,319.8,320.3
2025-06-04,S0026,6966,Rayon fond,40.116,40.0,39.9,40.1
2025-06-04,S0026,6966,Diamètre global max,325.696,325.81,325.31,326.11
2025-06-04,S0026,6966,Rayon extérieur (2e mention),274.693,275.0,274.4,275.6
2025-06-04,S0026,6966,Épaisseur patin,29.871,30.0,29.6,30.4
2025-06-04,S0026,6966,Largeur gorge centrale,79.955,79.97,79.77,80.17
2025-06-04,S0026,6966,Rayon fond (2e mention),40.065,40.0,39.85,40.15
2025-06-04,S0026,6966,Hauteur jante,174.882,175.0,174.75,175.25
2025-06-04,S0026,6966,Cercle de perçage,145.137,145.0,144.8,145.2
2025-06-04,S0026,6966,Rayon congé usinage,4.01,4.0,3.95,4.05
2025-06-04,S0026,6966,Petit alésage,85.266,85.0,84.8,85.2
2025-06-04,S0026,6966,Alésage moyen,94.644,95.0,94.75,95.25
2025-06-04,S0026,6966,Alésage grand,105.062,105.0,104.8,105.2
2025-06-05,S0027,3245,Rayon extérieur,274.673,275.0,274.8,275.1
2025-06-05,S0027,3245,Rayon intérieur jante,209.782,210.0,209.7,210.3
2025-06-05,S0027,3245,Rayon hors tout,320.336,320.0,319.8,320.3
2025-06-05,S0027,3245,Rayon fond,39.929,40.0,39.9,40.1
2025-06-05,S0027,3245,Diamètre global max,326.079,325.81,325.31,326.11
2025-06-05,S0027,3245,Rayon extérieur (2e mention),275.162,275.0,274.4,275.6
2025-06-05,S0027,3245,Épaisseur patin,30.114,30.0,29.6,30.4
2025-06-05,S0027,3245,Largeur gorge centrale,79.837,79.97,79.77,80.17
2025-06-05,S0027,3245,Rayon fond (2e mention),39.803,40.0,39.85,40.15
2025-06-05,S0027,3245,Hauteur jante,174.838,175.0,174.75,175.25
2025-06-05,S0027,3245,Cercle de perçage,145.273,145.0,144.8,145.2
2025-06-05,S0027,3245,Rayon congé usinage,4.004,4.0,3.95,4.05
2025-06-05,S0027,3245,Petit alésage,84.833,85.0,84.8,85.2
2025-06-05,S0027,3245,Alésage moyen,95.041,95.0,94.75,95.25
2025-06-05,S0027,3245,Alésage grand,104.812,105.0,104.8,105.2
2025-06-06,S0028,5051,Rayon extérieur,274.987,275.0,274.8,275.1
2025-06-06,S0028,5051,Rayon intérieur jante,210.323,210.0,209.7,210.3
2025-06-06,S0028,5051,Rayon hors tout,320.269,320.0,319.8,320.3
2025-06-06,S0028,5051,Rayon fond,40.074,40.0,39.9,40.1
2025-06-06,S0028,5051,Diamètre global max,326.037,325.81,325.31,326.11
2025-06-06,S0028,5051,Rayon extérieur (2e mention),274.833,275.0,274.4,275.6
2025-06-06,S0028,5051,Épaisseur patin,29.863,30.0,29.6,30.4
2025-06-06,S0028,5051,Largeur gorge centrale,79.976,79.97,79.77,80.17
2025-06-06,S0028,5051,Rayon fond (2e mention),40.046,40.0,39.85,40.15
2025-06-06,S0028,5051,Hauteur jante,175.169,175.0,174.75,175.25
2025-06-06,S0028,5051,Cercle de perçage,145.192,145.0,144.8,145.2
2025-06-06,S0028,5051,Rayon congé usinage,4.049,4.0,3.95,4.05
2025-06-06,S0028,5051,Petit alésage,84.886,85.0,84.8,85.2
2025-06-06,S0028,5051,Alésage moyen,95.022,95.0,94.75,95.25
2025-06-06,S0028,5051,Alésage grand,105.045,105.0,104.8,105.2
2025-06-07,S0029,4683,Rayon extérieur,275.065,275.0,274.8,275.1
2025-06-07,S0029,4683,Rayon intérieur jante,209.836,210.0,209.7,210.3
2025-06-07,S0029,4683,Rayon hors tout,319.905,320.0,319.8,320.3
2025-06-07,S0029,4683,Rayon fond,40.06,40.0,39.9,40.1
2025-06-07,S0029,4683,Diamètre global max,325.771,325.81,325.31,326.11
2025-06-07,S0029,4683,Rayon extérieur (2e mention),275.625,275.0,274.4,275.6
2025-06-07,S0029,4683,Épaisseur patin,30.15,30.0,29.6,30.4
2025-06-07,S0029,4683,Largeur gorge centrale,79.954,79.97,79.77,80.17
2025-06-07,S0029,4683,Rayon fond (2e mention),39.899,40.0,39.85,40.15
2025-06-07,S0029,4683,Hauteur jante,175.028,175.0,174.75,175.25
2025-06-07,S0029,4683,Cercle de perçage,144.926,145.0,144.8,145.2
2025-06-07,S0029,4683,Rayon congé usinage,4.024,4.0,3.95,4.05
2025-06-07,S0029,4683,Petit alésage,84.949,85.0,84.8,85.2
2025-06-07,S0029,4683,Alésage moyen,94.885,95.0,94.75,95.25
2025-06-07,S0029,4683,Alésage grand,105.117,105.0,104.8,105.2
2025-06-08,S0030,1640,Rayon extérieur,274.857,275.0,274.8,275.1
2025-06-08,S0030,1640,Rayon intérieur jante,210.031,210.0,209.7,210.3
2025-06-08,S0030,1640,Rayon hors tout,320.365,320.0,319.8,320.3
2025-06-08,S0030,1640,Rayon fond,40.123,40.0,39.9,40.1
2025-06-08,S0030,1640,Diamètre global max,325.526,325.81,325.31,326.11
2025-06-08,S0030,1640,Rayon extérieur (2e mention),274.377,275.0,274.4,275.6
2025-06-08,S0030,1640,Épaisseur patin,29.958,30.0,29.6,30.4
2025-06-08,S0030,1640,Largeur gorge centrale,80.15,79.97,79.77,80.17
2025-06-08,S0030,1640,Rayon fond (2e mention),40.04,40.0,39.85,40.15
2025-06-08,S0030,1640,Hauteur jante,175.179,175.0,174.75,175.25
2025-06-08,S0030,1640,Cercle de perçage,145.178,145.0,144.8,145.2
2025-06-08,S0030,1640,Rayon congé usinage,4.031,4.0,3.95,4.05
2025-06-08,S0030,1640,Petit alésage,84.98,85.0,84.8,85.2
2025-06-08,S0030,1640,Alésage moyen,94.866,95.0,94.75,95.25
2025-06-08,S0030,1640,Alésage grand,104.931,105.0,104.8,105.2
2025-06-09,S0031,6313,Rayon extérieur,274.897,275.0,274.8,275.1
2025-06-09,S0031,6313,Rayon intérieur jante,210.118,210.0,209.7,210.3
2025-06-09,S0031,6313,Rayon hors tout,320.046,320.0,319.8,320.3
2025-06-09,S0031,6313,Rayon fond,40.057,40.0,39.9,40.1
2025-06-09,S0031,6313,Diamètre global max,325.662,325.81,325.31,326.11
2025-06-09,S0031,6313,Rayon extérieur (2e mention),275.098,275.0,274.4,275.6
2025-06-09,S0031,6313,Épaisseur patin,30.229,30.0,29.6,30.4
2025-06-09,S0031,6313,Largeur gorge centrale,80.02,79.97,79.77,80.17
2025-06-09,S0031,6313,Rayon fond (2e mention),39.856,40.0,39.85,40.15
2025-06-09,S0031,6313,Hauteur jante,175.071,175.0,174.75,175.25
2025-06-09,S0031,6313,Cercle de perçage,145.082,145.0,144.8,145.2
2025-06-09,S0031,6313,Rayon congé usinage,3.965,4.0,3.95,4.05
2025-06-09,S0031,6313,Petit alésage,85.009,85.0,84.8,85.2
2025-06-09,S0031,6313,Alésage moyen,95.108,95.0,94.75,95.25
2025-06-09,S0031,6313,Alésage grand,104.915,105.0,104.8,105.2
2025-06-10,S0032,2909,Rayon extérieur,274.891,275.0,274.8,275.1
2025-06-10,S0032,2909,Rayon intérieur jante,209.92,210.0,209.7,210.3
2025-06-10,S0032,2909,Rayon hors tout,320.018,320.0,319.8,320.3
2025-06-10,S0032,2909,Rayon fond,39.998,40.0,39.9,40.1
2025-06-10,S0032,2909,Diamètre global max,325.945,325.81,325.31,326.11
2025-06-10,S0032,2909,Rayon extérieur (2e mention),274.527,275.0,274.4,275.6
2025-06-10,S0032,2909,Épaisseur patin,29.653,30.0,29.6,30.4
2025-06-10,S0032,2909,Largeur gorge centrale,80.062,79.97,79.77,80.17
2025-06-10,S0032,2909,Rayon fond (2e mention),40.019,40.0,39.85,40.15
2025-06-10,S0032,2909,Hauteur jante,175.174,175.0,174.75,175.25
2025-06-10,S0032,2909,Cercle de perçage,144.984,145.0,144.8,145.2
2025-06-10,S0032,2909,Rayon congé usinage,4.044,4.0,3.95,4.05
2025-06-10,S0032,2909,Petit alésage,85.119,85.0,84.8,85.2
2025-06-10,S0032,2909,Alésage moyen,94.78,95.0,94.75,95.25
2025-06-10,S0032,2909,Alésage grand,104.823,105.0,104.8,105.2
2025-06-11,S0033,3620,Rayon extérieur,274.838,275.0,274.8,275.1
2025-06-11,S0033,3620,Rayon intérieur jante,209.943,210.0,209.7,210.3
2025-06-11,S0033,3620,Rayon hors tout,319.888,320.0,319.8,320.3
2025-06-11,S0033,3620,Rayon fond,40.095,40.0,39.9,40.1
2025-06-11,S0033,3620,Diamètre global max,325.166,325.81,325.31,326.11
2025-06-11,S0033,3620,Rayon extérieur (2e mention),274.526,275.0,274.4,275.6
2025-06-11,S0033,3620,Épaisseur patin,30.305,30.0,29.6,30.4
2025-06-11,S0033,3620,Largeur gorge centrale,79.799,79.97,79.77,80.17
2025-06-11,S0033,3620,Rayon fond (2e mention),40.017,40.0,39.85,40.15
2025-06-11,S0033,3620,Hauteur jante,175.222,175.0,174.75,175.25
2025-06-11,S0033,3620,Cercle de perçage,145.023,145.0,144.8,145.2
2025-06-11,S0033,3620,Rayon congé usinage,3.964,4.0,3.95,4.05
2025-06-11,S0033,3620,Petit alésage,84.766,85.0,84.8,85.2
2025-06-11,S0033,3620,Alésage moyen,95.234,95.0,94.75,95.25
2025-06-11,S0033,3620,Alésage grand,105.075,105.0,104.8,105.2
2025-06-12,S0034,9819,Rayon extérieur,275.158,275.0,274.8,275.1
2025-06-12,S0034,9819,Rayon intérieur jante,210.297,210.0,209.7,210.3
2025-06-12,S0034,9819,Rayon hors tout,319.974,320.0,319.8,320.3
2025-06-12,S0034,9819,Rayon fond,39.963,40.0,39.9,40.1
2025-06-12,S0034,9819,Diamètre global max,326.011,325.81,325.31,326.11
2025-06-12,S0034,9819,Rayon extérieur (2e mention),275.617,275.0,274.4,275.6
2025-06-12,S0034,9819,Épaisseur patin,29.946,30.0,29.6,30.4
2025-06-12,S0034,9819,Largeur gorge centrale,79.937,79.97,79.77,80.17
2025-06-12,S0034,9819,Rayon fond (2e mention),39.949,40.0,39.85,40.15
2025-06-12,S0034,9819,Hauteur jante,175.026,175.0,174.75,175.25
2025-06-12,S0034,9819,Cercle de perçage,145.006,145.0,144.8,145.2
2025-06-12,S0034,9819,Rayon congé usinage,3.976,4.0,3.95,4.05
2025-06-12,S0034,9819,Petit alésage,85.093,85.0,84.8,85.2
2025-06-12,S0034,9819,Alésage moyen,95.06,95.0,94.75,95.25
2025-06-12,S0034,9819,Alésage grand,105.049,105.0,104.8,105.2
2025-06-13,S0035,8808,Rayon extérieur,274.739,275.0,274.8,275.1
2025-06-13,S0035,8808,Rayon intérieur jante,209.743,210.0,209.7,210.3
2025-06-13,S0035,8808,Rayon hors tout,320.155,320.0,319.8,320.3
2025-06-13,S0035,8808,Rayon fond,40.035,40.0,39.9,40.1
2025-06-13,S0035,8808,Diamètre global max,325.559,325.81,325.31,326.11
2025-06-13,S0035,8808,Rayon extérieur (2e mention),274.261,275.0,274.4,275.6
2025-06-13,S0035,8808,Épaisseur patin,30.656,30.0,29.6,30.4
2025-06-13,S0035,8808,Largeur gorge centrale,79.799,79.97,79.77,80.17
2025-06-13,S0035,8808,Rayon fond (2e mention),40.1,40.0,39.85,40.15
2025-06-13,S0035,8808,Hauteur jante,175.319,175.0,174.75,175.25
2025-06-13,S0035,8808,Cercle de perçage,144.828,145.0,144.8,145.2
2025-06-13,S0035,8808,Rayon congé usinage,4.021,4.0,3.95,4.05
2025-06-13,S0035,8808,Petit alésage,84.924,85.0,84.8,85.2
2025-06-13,S0035,8808,Alésage moyen,95.131,95.0,94.75,95.25
2025-06-13,S0035,8808,Alésage grand,104.851,105.0,104.8,105.2
2025-06-14,S0036,4994,Rayon extérieur,274.838,275.0,274.8,275.1
2025-06-14,S0036,4994,Rayon intérieur jante,210.262,210.0,209.7,210.3
2025-06-14,S0036,4994,Rayon hors tout,320.097,320.0,319.8,320.3
2025-06-14,S0036,4994,Rayon fond,40.046,40.0,39.9,40.1
2025-06-14,S0036,4994,Diamètre global max,325.727,325.81,325.31,326.11
2025-06-14,S0036,4994,Rayon extérieur (2e mention),275.051,275.0,274.4,275.6
2025-06-14,S0036,4994,Épaisseur patin,29.634,30.0,29.6,30.4
2025-06-14,S0036,4994,Largeur gorge centrale,79.692,79.97,79.77,80.17
2025-06-14,S0036,4994,Rayon fond (2e mention),39.927,40.0,39.85,40.15
2025-06-14,S0036,4994,Hauteur jante,175.007,175.0,174.75,175.25
2025-06-14,S0036,4994,Cercle de perçage,145.204,145.0,144.8,145.2
2025-06-14,S0036,4994,Rayon congé usinage,3.981,4.0,3.95,4.05
2025-06-14,S0036,4994,Petit alésage,84.883,85.0,84.8,85.2
2025-06-14,S0036,4994,Alésage moyen,95.106,95.0,94.75,95.25
2025-06-14,S0036,4994,Alésage grand,104.88,105.0,104.8,105.2
2025-06-15,S0037,6794,Rayon extérieur,274.933,275.0,274.8,275.1
2025-06-15,S0037,6794,Rayon intérieur jante,209.924,210.0,209.7,210.3
2025-06-15,S0037,6794,Rayon hors tout,320.099,320.0,319.8,320.3
2025-06-15,S0037,6794,Rayon fond,40.051,40.0,39.9,40.1
2025-06-15,S0037,6794,Diamètre global max,325.742,325.81,325.31,326.11
2025-06-15,S0037,6794,Rayon extérieur (2e mention),274.421,275.0,274.4,275.6
2025-06-15,S0037,6794,Épaisseur patin,29.674,30.0,29.6,30.4
2025-06-15,S0037,6794,Largeur gorge centrale,80.039,79.97,79.77,80.17
2025-06-15,S0037,6794,Rayon fond (2e mention),39.97,40.0,39.85,40.15
2025-06-15,S0037,6794,Hauteur jante,174.679,175.0,174.75,175.25
2025-06-15,S0037,6794,Cercle de perçage,145.166,145.0,144.8,145.2
2025-06-15,S0037,6794,Rayon congé usinage,4.038,4.0,3.95,4.05
2025-06-15,S0037,6794,Petit alésage,85.271,85.0,84.8,85.2
2025-06-15,S0037,6794,Alésage moyen,94.847,95.0,94.75,95.25
2025-06-15,S0037,6794,Alésage grand,104.898,105.0,104.8,105.2
2025-06-16,S0038,6019,Rayon extérieur,275.059,275.0,274.8,275.1
2025-06-16,S0038,6019,Rayon intérieur jante,209.994,210.0,209.7,210.3
2025-06-16,S0038,6019,Rayon hors tout,320.143,320.0,319.8,320.3
2025-06-16,S0038,6019,Rayon fond,39.981,40.0,39.9,40.1
2025-06-16,S0038,6019,Diamètre global max,325.797,325.81,325.31,326.11
2025-06-16,S0038,6019,Rayon extérieur (2e mention),274.854,275.0,274.4,275.6
2025-06-16,S0038,6019,Épaisseur patin,29.892,30.0,29.6,30.4
2025-06-16,S0038,6019,Largeur gorge centrale,80.003,79.97,79.77,80.17
2025-06-16,S0038,6019,Rayon fond (2e mention),39.974,40.0,39.85,40.15
2025-06-16,S0038,6019,Hauteur jante,175.166,175.0,174.75,175.25
2025-06-16,S0038,6019,Cercle de perçage,144.863,145.0,144.8,145.2
2025-06-16,S0038,6019,Rayon congé usinage,4.038,4.0,3.95,4.05
2025-06-16,S0038,6019,Petit alésage,85.169,85.0,84.8,85.2
2025-06-16,S0038,6019,Alésage moyen,94.989,95.0,94.75,95.25
2025-06-16,S0038,6019,Alésage grand,105.125,105.0,104.8,105.2
2025-06-17,S0039,4022,Rayon extérieur,274.895,275.0,274.8,275.1
2025-06-17,S0039,4022,Rayon intérieur jante,210.01,210.0,209.7,210.3
2025-06-17,S0039,4022,Rayon hors tout,319.923,320.0,319.8,320.3
2025-06-17,S0039,4022,Rayon fond,40.034,40.0,39.9,40.1
2025-06-17,S0039,4022,Diamètre global max,325.535,325.81,325.31,326.11
2025-06-17,S0039,4022,Rayon extérieur (2e mention),275.197,275.0,274.4,275.6
2025-06-17,S0039,4022,Épaisseur patin,30.259,30.0,29.6,30.4
2025-06-17,S0039,4022,Largeur gorge centrale,79.924,79.97,79.77,80.17
2025-06-17,S0039,4022,Rayon fond (2e mention),39.915,40.0,39.85,40.15
2025-06-17,S0039,4022,Hauteur jante,174.827,175.0,174.75,175.25
2025-06-17,S0039,4022,Cercle de perçage,145.171,145.0,144.8,145.2
2025-06-17,S0039,4022,Rayon congé usinage,4.042,4.0,3.95,4.05
2025-06-17,S0039,4022,Petit alésage,84.855,85.0,84.8,85.2
2025-06-17,S0039,4022,Alésage moyen,94.725,95.0,94.75,95.25
2025-06-17,S0039,4022,Alésage grand,105.005,105.0,104.8,105.2
2025-06-18,S0040,7932,Rayon extérieur,275.018,275.0,274.8,275.1
2025-06-18,S0040,7932,Rayon intérieur jante,210.032,210.0,209.7,210.3
2025-06-18,S0040,7932,Rayon hors tout,320.203,320.0,319.8,320.3
2025-06-18,S0040,7932,Rayon fond,40.025,40.0,39.9,40.1
2025-06-18,S0040,7932,Diamètre global max,326.003,325.81,325.31,326.11
2025-06-18,S0040,7932,Rayon extérieur (2e mention),275.303,275.0,274.4,275.6
2025-06-18,S0040,7932,Épaisseur patin,30.394,30.0,29.6,30.4
2025-06-18,S0040,7932,Largeur gorge centrale,80.1,79.97,79.77,80.17
2025-06-18,S0040,7932,Rayon fond (2e mention),39.976,40.0,39.85,40.15
2025-06-18,S0040,7932,Hauteur jante,175.3,175.0,174.75,175.25
2025-06-18,S0040,7932,Cercle de perçage,145.141,145.0,144.8,145.2
2025-06-18,S0040,7932,Rayon congé usinage,3.941,4.0,3.95,4.05
2025-06-18,S0040,7932,Petit alésage,84.783,85.0,84.8,85.2
2025-06-18,S0040,7932,Alésage moyen,94.76,95.0,94.75,95.25
2025-06-18,S0040,7932,Alésage grand,104.73,105.0,104.8,105.2
2025-06-19,S0041,8691,Rayon extérieur,274.959,275.0,274.8,275.1
2025-06-19,S0041,8691,Rayon intérieur jante,209.982,210.0,209.7,210.3
2025-06-19,S0041,8691,Rayon hors tout,319.957,320.0,319.8,320.3
2025-06-19,S0041,8691,Rayon fond,40.117,40.0,39.9,40.1
2025-06-19,S0041,8691,Diamètre global max,325.588,325.81,325.31,326.11
2025-06-19,S0041,8691,Rayon extérieur (2e mention),274.914,275.0,274.4,275.6
2025-06-19,S0041,8691,Épaisseur patin,29.85,30.0,29.6,30.4
2025-06-19,S0041,8691,Largeur gorge centrale,80.262,79.97,79.77,80.17
2025-06-19,S0041,8691,Rayon fond (2e mention),39.964,40.0,39.85,40.15
2025-06-19,S0041,8691,Hauteur jante,174.886,175.0,174.75,175.25
2025-06-19,S0041,8691,Cercle de perçage,145.292,145.0,144.8,145.2
2025-06-19,S0041,8691,Rayon congé usinage,4.046,4.0,3.95,4.05
2025-06-19,S0041,8691,Petit alésage,85.031,85.0,84.8,85.2
2025-06-19,S0041,8691,Alésage moyen,95.168,95.0,94.75,95.25
2025-06-19,S0041,8691,Alésage grand,104.934,105.0,104.8,105.2
2025-06-20,S0042,7453,Rayon extérieur,274.807,275.0,274.8,275.1
2025-06-20,S0042,7453,Rayon intérieur jante,209.804,210.0,209.7,210.3
2025-06-20,S0042,7453,Rayon hors tout,320.004,320.0,319.8,320.3
2025-06-20,S0042,7453,Rayon fond,40.061,40.0,39.9,40.1
2025-06-20,S0042,7453,Diamètre global max,325.557,325.81,325.31,326.11
2025-06-20,S0042,7453,Rayon extérieur (2e mention),275.334,275.0,274.4,275.6
2025-06-20,S0042,7453,Épaisseur patin,30.197,30.0,29.6,30.4
2025-06-20,S0042,7453,Largeur gorge centrale,79.809,79.97,79.77,80.17
2025-06-20,S0042,7453,Rayon fond (2e mention),40.085,40.0,39.85,40.15
2025-06-20,S0042,7453,Hauteur jante,174.907,175.0,174.75,175.25
2025-06-20,S0042,7453,Cercle de perçage,145.044,145.0,144.8,145.2
2025-06-20,S0042,7453,Rayon congé usinage,4.015,4.0,3.95,4.05
2025-06-20,S0042,7453,Petit alésage,85.038,85.0,84.8,85.2
2025-06-20,S0042,7453,Alésage moyen,95.051,95.0,94.75,95.25
2025-06-20,S0042,7453,Alésage grand,104.91,105.0,104.8,105.2
2025-06-21,S0043,7173,Rayon extérieur,274.875,275.0,274.8,275.1
2025-06-21,S0043,7173,Rayon intérieur jante,210.348,210.0,209.7,210.3
2025-06-21,S0043,7173,Rayon hors tout,320.068,320.0,319.8,320.3
2025-06-21,S0043,7173,Rayon fond,39.966,40.0,39.9,40.1
2025-06-21,S0043,7173,Diamètre global max,325.66,325.81,325.31,326.11
2025-06-21,S0043,7173,Rayon extérieur (2e mention),274.887,275.0,274.4,275.6
2025-06-21,S0043,7173,Épaisseur patin,30.296,30.0,29.6,30.4
2025-06-21,S0043,7173,Largeur gorge centrale,79.948,79.97,79.77,80.17
2025-06-21,S0043,7173,Rayon fond (2e mention),39.994,40.0,39.85,40.15
2025-06-21,S0043,7173,Hauteur jante,174.871,175.0,174.75,175.25
2025-06-21,S0043,7173,Cercle de perçage,145.159,145.0,144.8,145.2
2025-06-21,S0043,7173,Rayon congé usinage,4.041,4.0,3.95,4.05
2025-06-21,S0043,7173,Petit alésage,84.901,85.0,84.8,85.2
2025-06-21,S0043,7173,Alésage moyen,94.971,95.0,94.75,95.25
2025-06-21,S0043,7173,Alésage grand,105.062,105.0,104.8,105.2
2025-06-22,S0044,1052,Rayon extérieur,274.921,275.0,274.8,275.1
2025-06-22,S0044,1052,Rayon intérieur jante,210.0,210.0,209.7,210.3
2025-06-22,S0044,1052,Rayon hors tout,320.172,320.0,319.8,320.3
2025-06-22,S0044,1052,Rayon fond,40.035,40.0,39.9,40.1
2025-06-22,S0044,1052,Diamètre global max,325.827,325.81,325.31,326.11
2025-06-22,S0044,1052,Rayon extérieur (2e mention),274.672,275.0,274.4,275.6
2025-06-22,S0044,1052,Épaisseur patin,30.505,30.0,29.6,30.4
2025-06-22,S0044,1052,Largeur gorge centrale,80.168,79.97,79.77,80.17
2025-06-22,S0044,1052,Rayon fond (2e mention),40.184,40.0,39.85,40.15
2025-06-22,S0044,1052,Hauteur jante,175.119,175.0,174.75,175.25
2025-06-22,S0044,1052,Cercle de perçage,144.726,145.0,144.8,145.2
2025-06-22,S0044,1052,Rayon congé usinage,4.005,4.0,3.95,4.05
2025-06-22,S0044,1052,Petit alésage,85.056,85.0,84.8,85.2
2025-06-22,S0044,1052,Alésage moyen,94.811,95.0,94.75,95.25
2025-06-22,S0044,1052,Alésage grand,105.125,105.0,104.8,105.2
2025-06-23,S0045,9196,Rayon extérieur,274.808,275.0,274.8,275.1
2025-06-23,S0045,9196,Rayon intérieur jante,210.054,210.0,209.7,210.3
2025-06-23,S0045,9196,Rayon hors tout,320.004,320.0,319.8,320.3
2025-06-23,S0045,9196,Rayon fond,40.035,40.0,39.9,40.1
2025-06-23,S0045,9196,Diamètre global max,326.0,325.81,325.31,326.11
2025-06-23,S0045,9196,Rayon extérieur (2e mention),274.891,275.0,274.4,275.6
2025-06-23,S0045,9196,Épaisseur patin,29.651,30.0,29.6,30.4
2025-06-23,S0045,9196,Largeur gorge centrale,80.193,79.97,79.77,80.17
2025-06-23,S0045,9196,Rayon fond (2e mention),40.121,40.0,39.85,40.15
2025-06-23,S0045,9196,Hauteur jante,174.957,175.0,174.75,175.25
2025-06-23,S0045,9196,Cercle de perçage,144.911,145.0,144.8,145.2
2025-06-23,S0045,9196,Rayon congé usinage,3.97,4.0,3.95,4.05
2025-06-23,S0045,9196,Petit alésage,84.894,85.0,84.8,85.2
2025-06-23,S0045,9196,Alésage moyen,95.152,95.0,94.75,95.25
2025-06-23,S0045,9196,Alésage grand,105.248,105.0,104.8,105.2
2025-06-24,S0046,8879,Rayon extérieur,275.007,275.0,274.8,275.1
2025-06-24,S0046,8879,Rayon intérieur jante,210.006,210.0,209.7,210.3
2025-06-24,S0046,8879,Rayon hors tout,320.156,320.0,319.8,320.3
2025-06-24,S0046,8879,Rayon fond,39.992,40.0,39.9,40.1
2025-06-24,S0046,8879,Diamètre global max,325.849,325.81,325.31,326.11
2025-06-24,S0046,8879,Rayon extérieur (2e mention),275.549,275.0,274.4,275.6
2025-06-24,S0046,8879,Épaisseur patin,30.518,30.0,29.6,30.4
2025-06-24,S0046,8879,Largeur gorge centrale,80.138,79.97,79.77,80.17
2025-06-24,S0046,8879,Rayon fond (2e mention),39.846,40.0,39.85,40.15
2025-06-24,S0046,8879,Hauteur jante,174.739,175.0,174.75,175.25
2025-06-24,S0046,8879,Cercle de perçage,145.047,145.0,144.8,145.2
2025-06-24,S0046,8879,Rayon congé usinage,4.036,4.0,3.95,4.05
2025-06-24,S0046,8879,Petit alésage,85.079,85.0,84.8,85.2
2025-06-24,S0046,8879,Alésage moyen,94.946,95.0,94.75,95.25
2025-06-24,S0046,8879,Alésage grand,104.932,105.0,104.8,105.2
2025-06-25,S0047,6400,Rayon extérieur,274.862,275.0,274.8,275.1
2025-06-25,S0047,6400,Rayon intérieur jante,210.072,210.0,209.7,210.3
2025-06-25,S0047,6400,Rayon hors tout,320.257,320.0,319.8,320.3
2025-06-25,S0047,6400,Rayon fond,40.044,40.0,39.9,40.1
2025-06-25,S0047,6400,Diamètre global max,326.054,325.81,325.31,326.11
2025-06-25,S0047,6400,Rayon extérieur (2e mention),274.794,275.0,274.4,275.6
2025-06-25,S0047,6400,Épaisseur patin,29.672,30.0,29.6,30.4
2025-06-25,S0047,6400,Largeur gorge centrale,80.049,79.97,79.77,80.17
2025-06-25,S0047,6400,Rayon fond (2e mention),40.014,40.0,39.85,40.15
2025-06-25,S0047,6400,Hauteur jante,174.832,175.0,174.75,175.25
2025-06-25,S0047,6400,Cercle de perçage,144.923,145.0,144.8,145.2
2025-06-25,S0047,6400,Rayon congé usinage,3.981,4.0,3.95,4.05
2025-06-25,S0047,6400,Petit alésage,85.126,85.0,84.8,85.2
2025-06-25,S0047,6400,Alésage moyen,94.884,95.0,94.75,95.25
2025-06-25,S0047,6400,Alésage grand,104.786,105.0,104.8,105.2
2025-06-26,S0048,4053,Rayon extérieur,275.089,275.0,274.8,275.1
2025-06-26,S0048,4053,Rayon intérieur jante,210.065,210.0,209.7,210.3
2025-06-26,S0048,4053,Rayon hors tout,320.37,320.0,319.8,320.3
2025-06-26,S0048,4053,Rayon fond,39.928,40.0,39.9,40.1
2025-06-26,S0048,4053,Diamètre global max,325.496,325.81,325.31,326.11
2025-06-26,S0048,4053,Rayon extérieur (2e mention),275.154,275.0,274.4,275.6
2025-06-26,S0048,4053,Épaisseur patin,29.993,30.0,29.6,30.4
2025-06-26,S0048,4053,Largeur gorge centrale,80.107,79.97,79.77,80.17
2025-06-26,S0048,4053,Rayon fond (2e mention),39.853,40.0,39.85,40.15
2025-06-26,S0048,4053,Hauteur jante,175.206,175.0,174.75,175.25
2025-06-26,S0048,4053,Cercle de perçage,144.966,145.0,144.8,145.2
2025-06-26,S0048,4053,Rayon congé usinage,4.046,4.0,3.95,4.05
2025-06-26,S0048,4053,Petit alésage,84.884,85.0,84.8,85.2
2025-06-26,S0048,4053,Alésage moyen,95.275,95.0,94.75,95.25
2025-06-26,S0048,4053,Alésage grand,105.051,105.0,104.8,105.2
2025-06-27,S0049,4504,Rayon extérieur,275.013,275.0,274.8,275.1
2025-06-27,S0049,4504,Rayon intérieur jante,210.191,210.0,209.7,210.3
2025-06-27,S0049,4504,Rayon hors tout,320.155,320.0,319.8,320.3
2025-06-27,S0049,4504,Rayon fond,40.005,40.0,39.9,40.1
2025-06-27,S0049,4504,Diamètre global max,326.15,325.81,325.31,326.11
2025-06-27,S0049,4504,Rayon extérieur (2e mention),275.303,275.0,274.4,275.6
2025-06-27,S0049,4504,Épaisseur patin,29.953,30.0,29.6,30.4
2025-06-27,S0049,4504,Largeur gorge centrale,80.014,79.97,79.77,80.17
2025-06-27,S0049,4504,Rayon fond (2e mention),39.953,40.0,39.85,40.15
2025-06-27,S0049,4504,Hauteur jante,175.11,175.0,174.75,175.25
2025-06-27,S0049,4504,Cercle de perçage,145.086,145.0,144.8,145.2
2025-06-27,S0049,4504,Rayon congé usinage,3.967,4.0,3.95,4.05
2025-06-27,S0049,4504,Petit alésage,84.867,85.0,84.8,85.2
2025-06-27,S0049,4504,Alésage moyen,94.794,95.0,94.75,95.25
2025-06-27,S0049,4504,Alésage grand,104.815,105.0,104.8,105.2
2025-06-28,S0050,6071,Rayon extérieur,274.933,275.0,274.8,275.1
2025-06-28,S0050,6071,Rayon intérieur jante,210.142,210.0,209.7,210.3
2025-06-28,S0050,6071,Rayon hors tout,320.09,320.0,319.8,320.3
2025-06-28,S0050,6071,Rayon fond,40.027,40.0,39.9,40.1
2025-06-28,S0050,6071,Diamètre global max,325.942,325.81,325.31,326.11
2025-06-28,S0050,6071,Rayon extérieur (2e mention),274.619,275.0,274.4,275.6
2025-06-28,S0050,6071,Épaisseur patin,30.425,30.0,29.6,30.4
2025-06-28,S0050,6071,Largeur gorge centrale,79.868,79.97,79.77,80.17
2025-06-28,S0050,6071,Rayon fond (2e mention),40.115,40.0,39.85,40.15
2025-06-28,S0050,6071,Hauteur jante,174.965,175.0,174.75,175.25
2025-06-28,S0050,6071,Cercle de perçage,144.905,145.0,144.8,145.2
2025-06-28,S0050,6071,Rayon congé usinage,4.065,4.0,3.95,4.05
2025-06-28,S0050,6071,Petit alésage,84.906,85.0,84.8,85.2
2025-06-28,S0050,6071,Alésage moyen,94.885,95.0,94.75,95.25
2025-06-28,S0050,6071,Alésage grand,104.894,105.0,104.8,105.2
2025-06-29,S0051,9944,Rayon extérieur,274.91,275.0,274.8,275.1
2025-06-29,S0051,9944,Rayon intérieur jante,210.178,210.0,209.7,210.3
2025-06-29,S0051,9944,Rayon hors tout,320.178,320.0,319.8,320.3
2025-06-29,S0051,9944,Rayon fond,39.99,40.0,39.9,40.1
2025-06-29,S0051,9944,Diamètre global max,326.006,325.81,325.31,326.11
2025-06-29,S0051,9944,Rayon extérieur (2e mention),274.417,275.0,274.4,275.6
2025-06-29,S0051,9944,Épaisseur patin,30.101,30.0,29.6,30.4
2025-06-29,S0051,9944,Largeur gorge centrale,79.871,79.97,79.77,80.17
2025-06-29,S0051,9944,Rayon fond (2e mention),39.936,40.0,39.85,40.15
2025-06-29,S0051,9944,Hauteur jante,174.992,175.0,174.75,175.25
2025-06-29,S0051,9944,Cercle de perçage,144.76,145.0,144.8,145.2
2025-06-29,S0051,9944,Rayon congé usinage,3.995,4.0,3.95,4.05
2025-06-29,S0051,9944,Petit alésage,85.205,85.0,84.8,85.2
2025-06-29,S0051,9944,Alésage moyen,95.196,95.0,94.75,95.25
2025-06-29,S0051,9944,Alésage grand,105.064,105.0,104.8,105.2
2025-06-30,S0052,2489,Rayon extérieur,275.094,275.0,274.8,275.1
2025-06-30,S0052,2489,Rayon intérieur jante,210.48,210.0,209.7,210.3
2025-06-30,S0052,2489,Rayon hors tout,319.803,320.0,319.8,320.3
2025-06-30,S0052,2489,Rayon fond,39.969,40.0,39.9,40.1
2025-06-30,S0052,2489,Diamètre global max,325.929,325.81,325.31,326.11
2025-06-30,S0052,2489,Rayon extérieur (2e mention),274.843,275.0,274.4,275.6
2025-06-30,S0052,2489,Épaisseur patin,29.509,30.0,29.6,30.4
2025-06-30,S0052,2489,Largeur gorge centrale,79.98,79.97,79.77,80.17
2025-06-30,S0052,2489,Rayon fond (2e mention),39.949,40.0,39.85,40.15
2025-06-30,S0052,2489,Hauteur jante,174.798,175.0,174.75,175.25
2025-06-30,S0052,2489,Cercle de perçage,145.014,145.0,144.8,145.2
2025-06-30,S0052,2489,Rayon congé usinage,3.99,4.0,3.95,4.05
2025-06-30,S0052,2489,Petit alésage,85.153,85.0,84.8,85.2
2025-06-30,S0052,2489,Alésage moyen,94.785,95.0,94.75,95.25
2025-06-30,S0052,2489,Alésage grand,104.919,105.0,104.8,105.2
2025-07-01,S0053,3569,Rayon extérieur,274.904,275.0,274.8,275.1
2025-07-01,S0053,3569,Rayon intérieur jante,209.946,210.0,209.7,210.3
2025-07-01,S0053,3569,Rayon hors tout,319.921,320.0,319.8,320.3
2025-07-01,S0053,3569,Rayon fond,40.033,40.0,39.9,40.1
2025-07-01,S0053,3569,Diamètre global max,325.648,325.81,325.31,326.11
2025-07-01,S0053,3569,Rayon extérieur (2e mention),274.588,275.0,274.4,275.6
2025-07-01,S0053,3569,Épaisseur patin,30.38,30.0,29.6,30.4
2025-07-01,S0053,3569,Largeur gorge centrale,79.818,79.97,79.77,80.17
2025-07-01,S0053,3569,Rayon fond (2e mention),40.085,40.0,39.85,40.15
2025-07-01,S0053,3569,Hauteur jante,174.877,175.0,174.75,175.25
2025-07-01,S0053,3569,Cercle de perçage,144.979,145.0,144.8,145.2
2025-07-01,S0053,3569,Rayon congé usinage,3.975,4.0,3.95,4.05
2025-07-01,S0053,3569,Petit alésage,85.026,85.0,84.8,85.2
2025-07-01,S0053,3569,Alésage moyen,95.013,95.0,94.75,95.25
2025-07-01,S0053,3569,Alésage grand,104.932,105.0,104.8,105.2
2025-07-02,S0054,5100,Rayon extérieur,274.784,275.0,274.8,275.1
2025-07-02,S0054,5100,Rayon intérieur jante,209.895,210.0,209.7,210.3
2025-07-02,S0054,5100,Rayon hors tout,320.021,320.0,319.8,320.3
2025-07-02,S0054,5100,Rayon fond,40.063,40.0,39.9,40.1
2025-07-02,S0054,5100,Diamètre global max,325.679,325.81,325.31,326.11
2025-07-02,S0054,5100,Rayon extérieur (2e mention),275.078,275.0,274.4,275.6
2025-07-02,S0054,5100,Épaisseur patin,29.581,30.0,29.6,30.4
2025-07-02,S0054,5100,Largeur gorge centrale,79.922,79.97,79.77,80.17
2025-07-02,S0054,5100,Rayon fond (2e mention),40.065,40.0,39.85,40.15
2025-07-02,S0054,5100,Hauteur jante,174.879,175.0,174.75,175.25
2025-07-02,S0054,5100,Cercle de perçage,145.053,145.0,144.8,145.2
2025-07-02,S0054,5100,Rayon congé usinage,3.962,4.0,3.95,4.05
2025-07-02,S0054,5100,Petit alésage,85.027,85.0,84.8,85.2
2025-07-02,S0054,5100,Alésage moyen,94.714,95.0,94.75,95.25
2025-07-02,S0054,5100,Alésage grand,104.859,105.0,104.8,105.2
2025-07-03,S0055,8545,Rayon extérieur,274.967,275.0,274.8,275.1
2025-07-03,S0055,8545,Rayon intérieur jante,210.41,210.0,209.7,210.3
2025-07-03,S0055,8545,Rayon hors tout,319.85,320.0,319.8,320.3
2025-07-03,S0055,8545,Rayon fond,39.935,40.0,39.9,40.1
2025-07-03,S0055,8545,Diamètre global max,325.547,325.81,325.31,326.11
2025-07-03,S0055,8545,Rayon extérieur (2e mention),275.189,275.0,274.4,275.6
2025-07-03,S0055,8545,Épaisseur patin,29.82,30.0,29.6,30.4
2025-07-03,S0055,8545,Largeur gorge centrale,80.081,79.97,79.77,80.17
2025-07-03,S0055,8545,Rayon fond (2e mention),39.828,40.0,39.85,40.15
2025-07-03,S0055,8545,Hauteur jante,175.066,175.0,174.75,175.25
2025-07-03,S0055,8545,Cercle de perçage,144.981,145.0,144.8,145.2
2025-07-03,S0055,8545,Rayon congé usinage,3.999,4.0,3.95,4.05
2025-07-03,S0055,8545,Petit alésage,85.031,85.0,84.8,85.2
2025-07-03,S0055,8545,Alésage moyen,94.871,95.0,94.75,95.25
2025-07-03,S0055,8545,Alésage grand,104.854,105.0,104.8,105.2
2025-07-04,S0056,2737,Rayon extérieur,274.927,275.0,274.8,275.1
2025-07-04,S0056,2737,Rayon intérieur jante,210.086,210.0,209.7,210.3
2025-07-04,S0056,2737,Rayon hors tout,319.837,320.0,319.8,320.3
2025-07-04,S0056,2737,Rayon fond,40.09,40.0,39.9,40.1
2025-07-04,S0056,2737,Diamètre global max,325.355,325.81,325.31,326.11
2025-07-04,S0056,2737,Rayon extérieur (2e mention),274.968,275.0,274.4,275.6
2025-07-04,S0056,2737,Épaisseur patin,30.284,30.0,29.6,30.4
2025-07-04,S0056,2737,Largeur gorge centrale,80.128,79.97,79.77,80.17
2025-07-04,S0056,2737,Rayon fond (2e mention),39.92,40.0,39.85,40.15
2025-07-04,S0056,2737,Hauteur jante,175.13,175.0,174.75,175.25
2025-07-04,S0056,2737,Cercle de perçage,144.947,145.0,144.8,145.2
2025-07-04,S0056,2737,Rayon congé usinage,4.015,4.0,3.95,4.05
2025-07-04,S0056,2737,Petit alésage,85.152,85.0,84.8,85.2
2025-07-04,S0056,2737,Alésage moyen,94.936,95.0,94.75,95.25
2025-07-04,S0056,2737,Alésage grand,105.052,105.0,104.8,105.2
2025-07-05,S0057,6632,Rayon extérieur,274.98,275.0,274.8,275.1
2025-07-05,S0057,6632,Rayon intérieur jante,209.994,210.0,209.7,210.3
2025-07-05,S0057,6632,Rayon hors tout,319.989,320.0,319.8,320.3
2025-07-05,S0057,6632,Rayon fond,40.09,40.0,39.9,40.1
2025-07-05,S0057,6632,Diamètre global max,325.676,325.81,325.31,326.11
2025-07-05,S0057,6632,Rayon extérieur (2e mention),275.175,275.0,274.4,275.6
2025-07-05,S0057,6632,Épaisseur patin,29.689,30.0,29.6,30.4
2025-07-05,S0057,6632,Largeur gorge centrale,79.749,79.97,79.77,80.17
2025-07-05,S0057,6632,Rayon fond (2e mention),39.835,40.0,39.85,40.15
2025-07-05,S0057,6632,Hauteur jante,174.73,175.0,174.75,175.25
2025-07-05,S0057,6632,Cercle de perçage,145.195,145.0,144.8,145.2
2025-07-05,S0057,6632,Rayon congé usinage,3.996,4.0,3.95,4.05
2025-07-05,S0057,6632,Petit alésage,84.963,85.0,84.8,85.2
2025-07-05,S0057,6632,Alésage moyen,95.076,95.0,94.75,95.25
2025-07-05,S0057,6632,Alésage grand,105.045,105.0,104.8,105.2
2025-07-06,S0058,1453,Rayon extérieur,274.903,275.0,274.8,275.1
2025-07-06,S0058,1453,Rayon intérieur jante,209.971,210.0,209.7,210.3
2025-07-06,S0058,1453,Rayon hors tout,320.188,320.0,319.8,320.3
2025-07-06,S0058,1453,Rayon fond,39.946,40.0,39.9,40.1
2025-07-06,S0058,1453,Diamètre global max,325.822,325.81,325.31,326.11
2025-07-06,S0058,1453,Rayon extérieur (2e mention),275.383,275.0,274.4,275.6
2025-07-06,S0058,1453,Épaisseur patin,30.13,30.0,29.6,30.4
2025-07-06,S0058,1453,Largeur gorge centrale,79.817,79.97,79.77,80.17
2025-07-06,S0058,1453,Rayon fond (2e mention),40.05,40.0,39.85,40.15
2025-07-06,S0058,1453,Hauteur jante,175.027,175.0,174.75,175.25
2025-07-06,S0058,1453,Cercle de perçage,145.092,145.0,144.8,145.2
2025-07-06,S0058,1453,Rayon congé usinage,4.006,4.0,3.95,4.05
2025-07-06,S0058,1453,Petit alésage,85.196,85.0,84.8,85.2
2025-07-06,S0058,1453,Alésage moyen,94.961,95.0,94.75,95.25
2025-07-06,S0058,1453,Alésage grand,105.034,105.0,104.8,105.2
2025-07-07,S0059,2529,Rayon extérieur,274.886,275.0,274.8,275.1
2025-07-07,S0059,2529,Rayon intérieur jante,210.333,210.0,209.7,210.3
2025-07-07,S0059,2529,Rayon hors tout,320.251,320.0,319.8,320.3
2025-07-07,S0059,2529,Rayon fond,39.888,40.0,39.9,40.1
2025-07-07,S0059,2529,Diamètre global max,325.161,325.81,325.31,326.11
2025-07-07,S0059,2529,Rayon extérieur (2e mention),274.388,275.0,274.4,275.6
2025-07-07,S0059,2529,Épaisseur patin,29.896,30.0,29.6,30.4
2025-07-07,S0059,2529,Largeur gorge centrale,80.257,79.97,79.77,80.17
2025-07-07,S0059,2529,Rayon fond (2e mention),40.122,40.0,39.85,40.15
2025-07-07,S0059,2529,Hauteur jante,174.988,175.0,174.75,175.25
2025-07-07,S0059,2529,Cercle de perçage,145.08,145.0,144.8,145.2
2025-07-07,S0059,2529,Rayon congé usinage,3.946,4.0,3.95,4.05
2025-07-07,S0059,2529,Petit alésage,85.059,85.0,84.8,85.2
2025-07-07,S0059,2529,Alésage moyen,95.277,95.0,94.75,95.25
2025-07-07,S0059,2529,Alésage grand,105.104,105.0,104.8,105.2
2025-07-08,S0060,5745,Rayon extérieur,274.916,275.0,274.8,275.1
2025-07-08,S0060,5745,Rayon intérieur jante,209.854,210.0,209.7,210.3
2025-07-08,S0060,5745,Rayon hors tout,319.948,320.0,319.8,320.3
2025-07-08,S0060,5745,Rayon fond,40.07,40.0,39.9,40.1
2025-07-08,S0060,5745,Diamètre global max,325.553,325.81,325.31,326.11
2025-07-08,S0060,5745,Rayon extérieur (2e mention),274.593,275.0,274.4,275.6
2025-07-08,S0060,5745,Épaisseur patin,30.154,30.0,29.6,30.4
2025-07-08,S0060,5745,Largeur gorge centrale,79.953,79.97,79.77,80.17
2025-07-08,S0060,5745,Rayon fond (2e mention),40.026,40.0,39.85,40.15
2025-07-08,S0060,5745,Hauteur jante,175.144,175.0,174.75,175.25
2025-07-08,S0060,5745,Cercle de perçage,144.825,145.0,144.8,145.2
2025-07-08,S0060,5745,Rayon congé usinage,4.063,4.0,3.95,4.05
2025-07-08,S0060,5745,Petit alésage,85.034,85.0,84.8,85.2
2025-07-08,S0060,5745,Alésage moyen,94.67,95.0,94.75,95.25
2025-07-08,S0060,5745,Alésage grand,105.073,105.0,104.8,105.2
2025-07-09,S0061,7125,Rayon extérieur,274.835,275.0,274.8,275.1
2025-07-09,S0061,7125,Rayon intérieur jante,210.029,210.0,209.7,210.3
2025-07-09,S0061,7125,Rayon hors tout,319.972,320.0,319.8,320.3
2025-07-09,S0061,7125,Rayon fond,39.896,40.0,39.9,40.1
2025-07-09,S0061,7125,Diamètre global max,325.86,325.81,325.31,326.11
2025-07-09,S0061,7125,Rayon extérieur (2e mention),274.602,275.0,274.4,275.6
2025-07-09,S0061,7125,Épaisseur patin,29.804,30.0,29.6,30.4
2025-07-09,S0061,7125,Largeur gorge centrale,79.768,79.97,79.77,80.17
2025-07-09,S0061,7125,Rayon fond (2e mention),39.942,40.0,39.85,40.15
2025-07-09,S0061,7125,Hauteur jante,174.77,175.0,174.75,175.25
2025-07-09,S0061,7125,Cercle de perçage,144.896,145.0,144.8,145.2
2025-07-09,S0061,7125,Rayon congé usinage,3.966,4.0,3.95,4.05
2025-07-09,S0061,7125,Petit alésage,84.867,85.0,84.8,85.2
2025-07-09,S0061,7125,Alésage moyen,95.019,95.0,94.75,95.25
2025-07-09,S0061,7125,Alésage grand,104.955,105.0,104.8,105.2
2025-07-10,S0062,5195,Rayon extérieur,274.928,275.0,274.8,275.1
2025-07-10,S0062,5195,Rayon intérieur jante,209.996,210.0,209.7,210.3
2025-07-10,S0062,5195,Rayon hors tout,320.027,320.0,319.8,320.3
2025-07-10,S0062,5195,Rayon fond,40.141,40.0,39.9,40.1
2025-07-10,S0062,5195,Diamètre global max,325.618,325.81,325.31,326.11
2025-07-10,S0062,5195,Rayon extérieur (2e mention),275.112,275.0,274.4,275.6
2025-07-10,S0062,5195,Épaisseur patin,30.193,30.0,29.6,30.4
2025-07-10,S0062,5195,Largeur gorge centrale,79.906,79.97,79.77,80.17
2025-07-10,S0062,5195,Rayon fond (2e mention),39.926,40.0,39.85,40.15
2025-07-10,S0062,5195,Hauteur jante,175.067,175.0,174.75,175.25
2025-07-10,S0062,5195,Cercle de perçage,144.969,145.0,144.8,145.2
2025-07-10,S0062,5195,Rayon congé usinage,4.021,4.0,3.95,4.05
2025-07-10,S0062,5195,Petit alésage,84.943,85.0,84.8,85.2
2025-07-10,S0062,5195,Alésage moyen,94.948,95.0,94.75,95.25
2025-07-10,S0062,5195,Alésage grand,104.782,105.0,104.8,105.2
2025-07-11,S0063,4362,Rayon extérieur,275.063,275.0,274.8,275.1
2025-07-11,S0063,4362,Rayon intérieur jante,209.879,210.0,209.7,210.3
2025-07-11,S0063,4362,Rayon hors tout,320.169,320.0,319.8,320.3
2025-07-11,S0063,4362,Rayon fond,40.071,40.0,39.9,40.1
2025-07-11,S0063,4362,Diamètre global max,326.145,325.81,325.31,326.11
2025-07-11,S0063,4362,Rayon extérieur (2e mention),274.38,275.0,274.4,275.6
2025-07-11,S0063,4362,Épaisseur patin,30.06,30.0,29.6,30.4
2025-07-11,S0063,4362,Largeur gorge centrale,79.781,79.97,79.77,80.17
2025-07-11,S0063,4362,Rayon fond (2e mention),39.924,40.0,39.85,40.15
2025-07-11,S0063,4362,Hauteur jante,175.173,175.0,174.75,175.25
2025-07-11,S0063,4362,Cercle de perçage,145.178,145.0,144.8,145.2
2025-07-11,S0063,4362,Rayon congé usinage,3.96,4.0,3.95,4.05
2025-07-11,S0063,4362,Petit alésage,85.208,85.0,84.8,85.2
2025-07-11,S0063,4362,Alésage moyen,95.152,95.0,94.75,95.25
2025-07-11,S0063,4362,Alésage grand,105.143,105.0,104.8,105.2
2025-07-12,S0064,5417,Rayon extérieur,275.141,275.0,274.8,275.1
2025-07-12,S0064,5417,Rayon intérieur jante,209.765,210.0,209.7,210.3
2025-07-12,S0064,5417,Rayon hors tout,319.738,320.0,319.8,320.3
2025-07-12,S0064,5417,Rayon fond,39.956,40.0,39.9,40.1
2025-07-12,S0064,5417,Diamètre global max,325.691,325.81,325.31,326.11
2025-07-12,S0064,5417,Rayon extérieur (2e mention),275.408,275.0,274.4,275.6
2025-07-12,S0064,5417,Épaisseur patin,30.441,30.0,29.6,30.4
2025-07-12,S0064,5417,Largeur gorge centrale,79.987,79.97,79.77,80.17
2025-07-12,S0064,5417,Rayon fond (2e mention),39.968,40.0,39.85,40.15
2025-07-12,S0064,5417,Hauteur jante,175.137,175.0,174.75,175.25
2025-07-12,S0064,5417,Cercle de perçage,144.909,145.0,144.8,145.2
2025-07-12,S0064,5417,Rayon congé usinage,4.014,4.0,3.95,4.05
2025-07-12,S0064,5417,Petit alésage,84.783,85.0,84.8,85.2
2025-07-12,S0064,5417,Alésage moyen,94.911,95.0,94.75,95.25
2025-07-12,S0064,5417,Alésage grand,104.759,105.0,104.8,105.2
2025-07-13,S0065,6807,Rayon extérieur,274.997,275.0,274.8,275.1
2025-07-13,S0065,6807,Rayon intérieur jante,210.038,210.0,209.7,210.3
2025-07-13,S0065,6807,Rayon hors tout,320.055,320.0,319.8,320.3
2025-07-13,S0065,6807,Rayon fond,39.922,40.0,39.9,40.1
2025-07-13,S0065,6807,Diamètre global max,325.45,325.81,325.31,326.11
2025-07-13,S0065,6807,Rayon extérieur (2e mention),275.91,275.0,274.4,275.6
2025-07-13,S0065,6807,Épaisseur patin,29.875,30.0,29.6,30.4
2025-07-13,S0065,6807,Largeur gorge centrale,79.921,79.97,79.77,80.17
2025-07-13,S0065,6807,Rayon fond (2e mention),39.961,40.0,39.85,40.15
2025-07-13,S0065,6807,Hauteur jante,175.141,175.0,174.75,175.25
2025-07-13,S0065,6807,Cercle de perçage,144.929,145.0,144.8,145.2
2025-07-13,S0065,6807,Rayon congé usinage,3.97,4.0,3.95,4.05
2025-07-13,S0065,6807,Petit alésage,85.076,85.0,84.8,85.2
2025-07-13,S0065,6807,Alésage moyen,94.812,95.0,94.75,95.25
2025-07-13,S0065,6807,Alésage grand,105.058,105.0,104.8,105.2
2025-07-14,S0066,1581,Rayon extérieur,275.144,275.0,274.8,275.1
2025-07-14,S0066,1581,Rayon intérieur jante,209.73,210.0,209.7,210.3
2025-07-14,S0066,1581,Rayon hors tout,320.245,320.0,319.8,320.3
2025-07-14,S0066,1581,Rayon fond,40.091,40.0,39.9,40.1
2025-07-14,S0066,1581,Diamètre global max,325.641,325.81,325.31,326.11
2025-07-14,S0066,1581,Rayon extérieur (2e mention),274.719,275.0,274.4,275.6
2025-07-14,S0066,1581,Épaisseur patin,29.749,30.0,29.6,30.4
2025-07-14,S0066,1581,Largeur gorge centrale,79.931,79.97,79.77,80.17
2025-07-14,S0066,1581,Rayon fond (2e mention),39.897,40.0,39.85,40.15
2025-07-14,S0066,1581,Hauteur jante,175.176,175.0,174.75,175.25
2025-07-14,S0066,1581,Cercle de perçage,144.851,145.0,144.8,145.2
2025-07-14,S0066,1581,Rayon congé usinage,3.962,4.0,3.95,4.05
2025-07-14,S0066,1581,Petit alésage,84.793,85.0,84.8,85.2
2025-07-14,S0066,1581,Alésage moyen,95.177,95.0,94.75,95.25
2025-07-14,S0066,1581,Alésage grand,105.061,105.0,104.8,105.2
2025-07-15,S0067,1725,Rayon extérieur,274.946,275.0,274.8,275.1
2025-07-15,S0067,1725,Rayon intérieur jante,210.135,210.0,209.7,210.3
2025-07-15,S0067,1725,Rayon hors tout,320.069,320.0,319.8,320.3
2025-07-15,S0067,1725,Rayon fond,39.883,40.0,39.9,40.1
2025-07-15,S0067,1725,Diamètre global max,325.626,325.81,325.31,326.11
2025-07-15,S0067,1725,Rayon extérieur (2e mention),275.447,275.0,274.4,275.6
2025-07-15,S0067,1725,Épaisseur patin,29.963,30.0,29.6,30.4
2025-07-15,S0067,1725,Largeur gorge centrale,79.865,79.97,79.77,80.17
2025-07-15,S0067,1725,Rayon fond (2e mention),40.176,40.0,39.85,40.15
2025-07-15,S0067,1725,Hauteur jante,175.099,175.0,174.75,175.25
2025-07-15,S0067,1725,Cercle de perçage,144.819,145.0,144.8,145.2
2025-07-15,S0067,1725,Rayon congé usinage,4.042,4.0,3.95,4.05
2025-07-15,S0067,1725,Petit alésage,85.161,85.0,84.8,85.2
2025-07-15,S0067,1725,Alésage moyen,95.1,95.0,94.75,95.25
2025-07-15,S0067,1725,Alésage grand,105.008,105.0,104.8,105.2
2025-07-16,S0068,9692,Rayon extérieur,274.997,275.0,274.8,275.1
2025-07-16,S0068,9692,Rayon intérieur jante,209.854,210.0,209.7,210.3
2025-07-16,S0068,9692,Rayon hors tout,320.293,320.0,319.8,320.3
2025-07-16,S0068,9692,Rayon fond,40.027,40.0,39.9,40.1
2025-07-16,S0068,9692,Diamètre global max,325.352,325.81,325.31,326.11
2025-07-16,S0068,9692,Rayon extérieur (2e mention),275.834,275.0,274.4,275.6
2025-07-16,S0068,9692,Épaisseur patin,30.159,30.0,29.6,30.4
2025-07-16,S0068,9692,Largeur gorge centrale,80.003,79.97,79.77,80.17
2025-07-16,S0068,9692,Rayon fond (2e mention),40.154,40.0,39.85,40.15
2025-07-16,S0068,9692,Hauteur jante,174.929,175.0,174.75,175.25
2025-07-16,S0068,9692,Cercle de perçage,144.816,145.0,144.8,145.2
2025-07-16,S0068,9692,Rayon congé usinage,3.968,4.0,3.95,4.05
2025-07-16,S0068,9692,Petit alésage,84.926,85.0,84.8,85.2
2025-07-16,S0068,9692,Alésage moyen,95.028,95.0,94.75,95.25
2025-07-16,S0068,9692,Alésage grand,105.132,105.0,104.8,105.2
2025-07-17,S0069,3406,Rayon extérieur,275.04,275.0,274.8,275.1
2025-07-17,S0069,3406,Rayon intérieur jante,210.096,210.0,209.7,210.3
2025-07-17,S0069,3406,Rayon hors tout,320.079,320.0,319.8,320.3
2025-07-17,S0069,3406,Rayon fond,39.995,40.0,39.9,40.1
2025-07-17,S0069,3406,Diamètre global max,325.197,325.81,325.31,326.11
2025-07-17,S0069,3406,Rayon extérieur (2e mention),275.09,275.0,274.4,275.6
2025-07-17,S0069,3406,Épaisseur patin,29.889,30.0,29.6,30.4
2025-07-17,S0069,3406,Largeur gorge centrale,79.948,79.97,79.77,80.17
2025-07-17,S0069,3406,Rayon fond (2e mention),39.833,40.0,39.85,40.15
2025-07-17,S0069,3406,Hauteur jante,174.826,175.0,174.75,175.25
2025-07-17,S0069,3406,Cercle de perçage,145.041,145.0,144.8,145.2
2025-07-17,S0069,3406,Rayon congé usinage,3.99,4.0,3.95,4.05
2025-07-17,S0069,3406,Petit alésage,84.984,85.0,84.8,85.2
2025-07-17,S0069,3406,Alésage moyen,95.189,95.0,94.75,95.25
2025-07-17,S0069,3406,Alésage grand,104.922,105.0,104.8,105.2
2025-07-18,S0070,3784,Rayon extérieur,274.955,275.0,274.8,275.1
2025-07-18,S0070,3784,Rayon intérieur jante,210.148,210.0,209.7,210.3
2025-07-18,S0070,3784,Rayon hors tout,319.998,320.0,319.8,320.3
2025-07-18,S0070,3784,Rayon fond,39.92,40.0,39.9,40.1
2025-07-18,S0070,3784,Diamètre global max,325.316,325.81,325.31,326.11
2025-07-18,S0070,3784,Rayon extérieur (2e mention),275.725,275.0,274.4,275.6
2025-07-18,S0070,3784,Épaisseur patin,30.094,30.0,29.6,30.4
2025-07-18,S0070,3784,Largeur gorge centrale,80.002,79.97,79.77,80.17
2025-07-18,S0070,3784,Rayon fond (2e mention),39.967,40.0,39.85,40.15
2025-07-18,S0070,3784,Hauteur jante,174.736,175.0,174.75,175.25
2025-07-18,S0070,3784,Cercle de perçage,145.278,145.0,144.8,145.2
2025-07-18,S0070,3784,Rayon congé usinage,3.946,4.0,3.95,4.05
2025-07-18,S0070,3784,Petit alésage,84.895,85.0,84.8,85.2
2025-07-18,S0070,3784,Alésage moyen,95.124,95.0,94.75,95.25
2025-07-18,S0070,3784,Alésage grand,104.983,105.0,104.8,105.2
2025-07-19,S0071,9575,Rayon extérieur,274.867,275.0,274.8,275.1
2025-07-19,S0071,9575,Rayon intérieur jante,210.099,210.0,209.7,210.3
2025-07-19,S0071,9575,Rayon hors tout,319.857,320.0,319.8,320.3
2025-07-19,S0071,9575,Rayon fond,40.04,40.0,39.9,40.1
2025-07-19,S0071,9575,Diamètre global max,325.991,325.81,325.31,326.11
2025-07-19,S0071,9575,Rayon extérieur (2e mention),275.588,275.0,274.4,275.6
2025-07-19,S0071,9575,Épaisseur patin,29.852,30.0,29.6,30.4
2025-07-19,S0071,9575,Largeur gorge centrale,79.877,79.97,79.77,80.17
2025-07-19,S0071,9575,Rayon fond (2e mention),39.921,40.0,39.85,40.15
2025-07-19,S0071,9575,Hauteur jante,174.784,175.0,174.75,175.25
2025-07-19,S0071,9575,Cercle de perçage,144.9,145.0,144.8,145.2
2025-07-19,S0071,9575,Rayon congé usinage,4.008,4.0,3.95,4.05
2025-07-19,S0071,9575,Petit alésage,84.716,85.0,84.8,85.2
2025-07-19,S0071,9575,Alésage moyen,94.92,95.0,94.75,95.25
2025-07-19,S0071,9575,Alésage grand,105.102,105.0,104.8,105.2
2025-07-20,S0072,8233,Rayon extérieur,274.953,275.0,274.8,275.1
2025-07-20,S0072,8233,Rayon intérieur jante,209.973,210.0,209.7,210.3
2025-07-20,S0072,8233,Rayon hors tout,319.849,320.0,319.8,320.3
2025-07-20,S0072,8233,Rayon fond,40.044,40.0,39.9,40.1
2025-07-20,S0072,8233,Diamètre global max,325.302,325.81,325.31,326.11
2025-07-20,S0072,8233,Rayon extérieur (2e mention),274.605,275.0,274.4,275.6
2025-07-20,S0072,8233,Épaisseur patin,30.263,30.0,29.6,30.4
2025-07-20,S0072,8233,Largeur gorge centrale,80.127,79.97,79.77,80.17
2025-07-20,S0072,8233,Rayon fond (2e mention),40.093,40.0,39.85,40.15
2025-07-20,S0072,8233,Hauteur jante,175.129,175.0,174.75,175.25
2025-07-20,S0072,8233,Cercle de perçage,144.865,145.0,144.8,145.2
2025-07-20,S0072,8233,Rayon congé usinage,4.049,4.0,3.95,4.05
2025-07-20,S0072,8233,Petit alésage,85.024,85.0,84.8,85.2
2025-07-20,S0072,8233,Alésage moyen,95.116,95.0,94.75,95.25
2025-07-20,S0072,8233,Alésage grand,105.02,105.0,104.8,105.2
2025-07-21,S0073,5371,Rayon extérieur,274.826,275.0,274.8,275.1
2025-07-21,S0073,5371,Rayon intérieur jante,210.235,210.0,209.7,210.3
2025-07-21,S0073,5371,Rayon hors tout,320.299,320.0,319.8,320.3
2025-07-21,S0073,5371,Rayon fond,39.97,40.0,39.9,40.1
2025-07-21,S0073,5371,Diamètre global max,325.966,325.81,325.31,326.11
2025-07-21,S0073,5371,Rayon extérieur (2e mention),275.335,275.0,274.4,275.6
2025-07-21,S0073,5371,Épaisseur patin,30.172,30.0,29.6,30.4
2025-07-21,S0073,5371,Largeur gorge centrale,79.993,79.97,79.77,80.17
2025-07-21,S0073,5371,Rayon fond (2e mention),39.883,40.0,39.85,40.15
2025-07-21,S0073,5371,Hauteur jante,175.017,175.0,174.75,175.25
2025-07-21,S0073,5371,Cercle de perçage,145.056,145.0,144.8,145.2
2025-07-21,S0073,5371,Rayon congé usinage,4.062,4.0,3.95,4.05
2025-07-21,S0073,5371,Petit alésage,85.049,85.0,84.8,85.2
2025-07-21,S0073,5371,Alésage moyen,95.002,95.0,94.75,95.25
2025-07-21,S0073,5371,Alésage grand,105.0,105.0,104.8,105.2
2025-07-22,S0074,8323,Rayon extérieur,274.877,275.0,274.8,275.1
2025-07-22,S0074,8323,Rayon intérieur jante,209.906,210.0,209.7,210.3
2025-07-22,S0074,8323,Rayon hors tout,319.851,320.0,319.8,320.3
2025-07-22,S0074,8323,Rayon fond,40.158,40.0,39.9,40.1
2025-07-22,S0074,8323,Diamètre global max,325.712,325.81,325.31,326.11
2025-07-22,S0074,8323,Rayon extérieur (2e mention),274.811,275.0,274.4,275.6
2025-07-22,S0074,8323,Épaisseur patin,29.562,30.0,29.6,30.4
2025-07-22,S0074,8323,Largeur gorge centrale,79.962,79.97,79.77,80.17
2025-07-22,S0074,8323,Rayon fond (2e mention),39.935,40.0,39.85,40.15
2025-07-22,S0074,8323,Hauteur jante,174.693,175.0,174.75,175.25
2025-07-22,S0074,8323,Cercle de perçage,145.126,145.0,144.8,145.2
2025-07-22,S0074,8323,Rayon congé usinage,4.061,4.0,3.95,4.05
2025-07-22,S0074,8323,Petit alésage,84.906,85.0,84.8,85.2
2025-07-22,S0074,8323,Alésage moyen,94.732,95.0,94.75,95.25
2025-07-22,S0074,8323,Alésage grand,105.145,105.0,104.8,105.2
2025-07-23,S0075,1970,Rayon extérieur,274.879,275.0,274.8,275.1
2025-07-23,S0075,1970,Rayon intérieur jante,209.989,210.0,209.7,210.3
2025-07-23,S0075,1970,Rayon hors tout,319.992,320.0,319.8,320.3
2025-07-23,S0075,1970,Rayon fond,40.058,40.0,39.9,40.1
2025-07-23,S0075,1970,Diamètre global max,325.827,325.81,325.31,326.11
2025-07-23,S0075,1970,Rayon extérieur (2e mention),274.672,275.0,274.4,275.6
2025-07-23,S0075,1970,Épaisseur patin,30.014,30.0,29.6,30.4
2025-07-23,S0075,1970,Largeur gorge centrale,79.811,79.97,79.77,80.17
2025-07-23,S0075,1970,Rayon fond (2e mention),40.082,40.0,39.85,40.15
2025-07-23,S0075,1970,Hauteur jante,174.679,175.0,174.75,175.25
2025-07-23,S0075,1970,Cercle de perçage,144.841,145.0,144.8,145.2
2025-07-23,S0075,1970,Rayon congé usinage,4.037,4.0,3.95,4.05
2025-07-23,S0075,1970,Petit alésage,85.224,85.0,84.8,85.2
2025-07-23,S0075,1970,Alésage moyen,94.862,95.0,94.75,95.25
2025-07-23,S0075,1970,Alésage grand,105.181,105.0,104.8,105.2
2025-07-24,S0076,5254,Rayon extérieur,274.97,275.0,274.8,275.1
2025-07-24,S0076,5254,Rayon intérieur jante,210.271,210.0,209.7,210.3
2025-07-24,S0076,5254,Rayon hors tout,319.874,320.0,319.8,320.3
2025-07-24,S0076,5254,Rayon fond,40.007,40.0,39.9,40.1
2025-07-24,S0076,5254,Diamètre global max,325.349,325.81,325.31,326.11
2025-07-24,S0076,5254,Rayon extérieur (2e mention),274.989,275.0,274.4,275.6
2025-07-24,S0076,5254,Épaisseur patin,29.769,30.0,29.6,30.4
2025-07-24,S0076,5254,Largeur gorge centrale,79.831,79.97,79.77,80.17
2025-07-24,S0076,5254,Rayon fond (2e mention),40.08,40.0,39.85,40.15
2025-07-24,S0076,5254,Hauteur jante,175.083,175.0,174.75,175.25
2025-07-24,S0076,5254,Cercle de perçage,145.018,145.0,144.8,145.2
2025-07-24,S0076,5254,Rayon congé usinage,3.954,4.0,3.95,4.05
2025-07-24,S0076,5254,Petit alésage,84.764,85.0,84.8,85.2
2025-07-24,S0076,5254,Alésage moyen,94.749,95.0,94.75,95.25
2025-07-24,S0076,5254,Alésage grand,105.07,105.0,104.8,105.2
2025-07-25,S0077,7981,Rayon extérieur,274.973,275.0,274.8,275.1
2025-07-25,S0077,7981,Rayon intérieur jante,209.859,210.0,209.7,210.3
2025-07-25,S0077,7981,Rayon hors tout,320.257,320.0,319.8,320.3
2025-07-25,S0077,7981,Rayon fond,39.973,40.0,39.9,40.1
2025-07-25,S0077,7981,Diamètre global max,325.319,325.81,325.31,326.11
2025-07-25,S0077,7981,Rayon extérieur (2e mention),274.988,275.0,274.4,275.6
2025-07-25,S0077,7981,Épaisseur patin,29.752,30.0,29.6,30.4
2025-07-25,S0077,7981,Largeur gorge centrale,79.961,79.97,79.77,80.17
2025-07-25,S0077,7981,Rayon fond (2e mention),40.1,40.0,39.85,40.15
2025-07-25,S0077,7981,Hauteur jante,175.403,175.0,174.75,175.25
2025-07-25,S0077,7981,Cercle de perçage,145.186,145.0,144.8,145.2
2025-07-25,S0077,7981,Rayon congé usinage,3.939,4.0,3.95,4.05
2025-07-25,S0077,7981,Petit alésage,84.987,85.0,84.8,85.2
2025-07-25,S0077,7981,Alésage moyen,95.073,95.0,94.75,95.25
2025-07-25,S0077,7981,Alésage grand,104.758,105.0,104.8,105.2
2025-07-26,S0078,1805,Rayon extérieur,275.056,275.0,274.8,275.1
2025-07-26,S0078,1805,Rayon intérieur jante,209.894,210.0,209.7,210.3
2025-07-26,S0078,1805,Rayon hors tout,320.282,320.0,319.8,320.3
2025-07-26,S0078,1805,Rayon fond,40.048,40.0,39.9,40.1
2025-07-26,S0078,1805,Diamètre global max,326.01,325.81,325.31,326.11
2025-07-26,S0078,1805,Rayon extérieur (2e mention),275.85,275.0,274.4,275.6
2025-07-26,S0078,1805,Épaisseur patin,29.668,30.0,29.6,30.4
2025-07-26,S0078,1805,Largeur gorge centrale,79.801,79.97,79.77,80.17
2025-07-26,S0078,1805,Rayon fond (2e mention),39.897,40.0,39.85,40.15
2025-07-26,S0078,1805,Hauteur jante,174.99,175.0,174.75,175.25
2025-07-26,S0078,1805,Cercle de perçage,145.08,145.0,144.8,145.2
2025-07-26,S0078,1805,Rayon congé usinage,4.001,4.0,3.95,4.05
2025-07-26,S0078,1805,Petit alésage,85.112,85.0,84.8,85.2
2025-07-26,S0078,1805,Alésage moyen,94.976,95.0,94.75,95.25
2025-07-26,S0078,1805,Alésage grand,105.027,105.0,104.8,105.2
2025-07-27,S0079,4994,Rayon extérieur,274.834,275.0,274.8,275.1
2025-07-27,S0079,4994,Rayon intérieur jante,209.833,210.0,209.7,210.3
2025-07-27,S0079,4994,Rayon hors tout,319.962,320.0,319.8,320.3
2025-07-27,S0079,4994,Rayon fond,40.054,40.0,39.9,40.1
2025-07-27,S0079,4994,Diamètre global max,325.695,325.81,325.31,326.11
2025-07-27,S0079,4994,Rayon extérieur (2e mention),274.951,275.0,274.4,275.6
2025-07-27,S0079,4994,Épaisseur patin,30.17,30.0,29.6,30.4
2025-07-27,S0079,4994,Largeur gorge centrale,80.112,79.97,79.77,80.17
2025-07-27,S0079,4994,Rayon fond (2e mention),39.87,40.0,39.85,40.15
2025-07-27,S0079,4994,Hauteur jante,174.634,175.0,174.75,175.25
2025-07-27,S0079,4994,Cercle de perçage,145.046,145.0,144.8,145.2
2025-07-27,S0079,4994,Rayon congé usinage,3.988,4.0,3.95,4.05
2025-07-27,S0079,4994,Petit alésage,85.11,85.0,84.8,85.2
2025-07-27,S0079,4994,Alésage moyen,95.028,95.0,94.75,95.25
2025-07-27,S0079,4994,Alésage grand,105.119,105.0,104.8,105.2
2025-07-28,S0080,2646,Rayon extérieur,275.045,275.0,274.8,275.1
2025-07-28,S0080,2646,Rayon intérieur jante,209.926,210.0,209.7,210.3
2025-07-28,S0080,2646,Rayon hors tout,320.069,320.0,319.8,320.3
2025-07-28,S0080,2646,Rayon fond,40.079,40.0,39.9,40.1
2025-07-28,S0080,2646,Diamètre global max,325.228,325.81,325.31,326.11
2025-07-28,S0080,2646,Rayon extérieur (2e mention),274.775,275.0,274.4,275.6
2025-07-28,S0080,2646,Épaisseur patin,29.792,30.0,29.6,30.4
2025-07-28,S0080,2646,Largeur gorge centrale,79.981,79.97,79.77,80.17
2025-07-28,S0080,2646,Rayon fond (2e mention),39.958,40.0,39.85,40.15
2025-07-28,S0080,2646,Hauteur jante,174.988,175.0,174.75,175.25
2025-07-28,S0080,2646,Cercle de perçage,144.856,145.0,144.8,145.2
2025-07-28,S0080,2646,Rayon congé usinage,4.007,4.0,3.95,4.05
2025-07-28,S0080,2646,Petit alésage,85.003,85.0,84.8,85.2
2025-07-28,S0080,2646,Alésage moyen,95.074,95.0,94.75,95.25
2025-07-28,S0080,2646,Alésage grand,104.857,105.0,104.8,105.2
2025-07-29,S0081,7721,Rayon extérieur,274.822,275.0,274.8,275.1
2025-07-29,S0081,7721,Rayon intérieur jante,209.968,210.0,209.7,210.3
2025-07-29,S0081,7721,Rayon hors tout,320.009,320.0,319.8,320.3
2025-07-29,S0081,7721,Rayon fond,39.984,40.0,39.9,40.1
2025-07-29,S0081,7721,Diamètre global max,326.0,325.81,325.31,326.11
2025-07-29,S0081,7721,Rayon extérieur (2e mention),275.302,275.0,274.4,275.6
2025-07-29,S0081,7721,Épaisseur patin,29.758,30.0,29.6,30.4
2025-07-29,S0081,7721,Largeur gorge centrale,79.806,79.97,79.77,80.17
2025-07-29,S0081,7721,Rayon fond (2e mention),39.868,40.0,39.85,40.15
2025-07-29,S0081,7721,Hauteur jante,174.771,175.0,174.75,175.25
2025-07-29,S0081,7721,Cercle de perçage,144.949,145.0,144.8,145.2
2025-07-29,S0081,7721,Rayon congé usinage,3.993,4.0,3.95,4.05
2025-07-29,S0081,7721,Petit alésage,85.116,85.0,84.8,85.2
2025-07-29,S0081,7721,Alésage moyen,94.969,95.0,94.75,95.25
2025-07-29,S0081,7721,Alésage grand,104.911,105.0,104.8,105.2
2025-07-30,S0082,8146,Rayon extérieur,274.98,275.0,274.8,275.1
2025-07-30,S0082,8146,Rayon intérieur jante,210.056,210.0,209.7,210.3
2025-07-30,S0082,8146,Rayon hors tout,320.117,320.0,319.8,320.3
2025-07-30,S0082,8146,Rayon fond,39.893,40.0,39.9,40.1
2025-07-30,S0082,8146,Diamètre global max,325.633,325.81,325.31,326.11
2025-07-30,S0082,8146,Rayon extérieur (2e mention),274.629,275.0,274.4,275.6
2025-07-30,S0082,8146,Épaisseur patin,29.753,30.0,29.6,30.4
2025-07-30,S0082,8146,Largeur gorge centrale,79.877,79.97,79.77,80.17
2025-07-30,S0082,8146,Rayon fond (2e mention),40.04,40.0,39.85,40.15
2025-07-30,S0082,8146,Hauteur jante,174.905,175.0,174.75,175.25
2025-07-30,S0082,8146,Cercle de perçage,145.009,145.0,144.8,145.2
2025-07-30,S0082,8146,Rayon congé usinage,4.034,4.0,3.95,4.05
2025-07-30,S0082,8146,Petit alésage,85.044,85.0,84.8,85.2
2025-07-30,S0082,8146,Alésage moyen,95.16,95.0,94.75,95.25
2025-07-30,S0082,8146,Alésage grand,104.944,105.0,104.8,105.2
2025-07-31,S0083,1839,Rayon extérieur,274.98,275.0,274.8,275.1
2025-07-31,S0083,1839,Rayon intérieur jante,209.718,210.0,209.7,210.3
2025-07-31,S0083,1839,Rayon hors tout,319.808,320.0,319.8,320.3
2025-07-31,S0083,1839,Rayon fond,39.946,40.0,39.9,40.1
2025-07-31,S0083,1839,Diamètre global max,325.659,325.81,325.31,326.11
2025-07-31,S0083,1839,Rayon extérieur (2e mention),275.499,275.0,274.4,275.6
2025-07-31,S0083,1839,Épaisseur patin,30.124,30.0,29.6,30.4
2025-07-31,S0083,1839,Largeur gorge centrale,80.123,79.97,79.77,80.17
2025-07-31,S0083,1839,Rayon fond (2e mention),40.0,40.0,39.85,40.15
2025-07-31,S0083,1839,Hauteur jante,174.901,175.0,174.75,175.25
2025-07-31,S0083,1839,Cercle de perçage,144.855,145.0,144.8,145.2
2025-07-31,S0083,1839,Rayon congé usinage,4.02,4.0,3.95,4.05
2025-07-31,S0083,1839,Petit alésage,84.961,85.0,84.8,85.2
2025-07-31,S0083,1839,Alésage moyen,95.105,95.0,94.75,95.25
2025-07-31,S0083,1839,Alésage grand,104.912,105.0,104.8,105.2
2025-08-01,S0084,1724,Rayon extérieur,275.032,275.0,274.8,275.1
2025-08-01,S0084,1724,Rayon intérieur jante,210.113,210.0,209.7,210.3
2025-08-01,S0084,1724,Rayon hors tout,319.91,320.0,319.8,320.3
2025-08-01,S0084,1724,Rayon fond,39.97,40.0,39.9,40.1
2025-08-01,S0084,1724,Diamètre global max,326.205,325.81,325.31,326.11
2025-08-01,S0084,1724,Rayon extérieur (2e mention),274.915,275.0,274.4,275.6
2025-08-01,S0084,1724,Épaisseur patin,30.336,30.0,29.6,30.4
2025-08-01,S0084,1724,Largeur gorge centrale,79.936,79.97,79.77,80.17
2025-08-01,S0084,1724,Rayon fond (2e mention),40.008,40.0,39.85,40.15
2025-08-01,S0084,1724,Hauteur jante,175.028,175.0,174.75,175.25
2025-08-01,S0084,1724,Cercle de perçage,144.92,145.0,144.8,145.2
2025-08-01,S0084,1724,Rayon congé usinage,3.972,4.0,3.95,4.05
2025-08-01,S0084,1724,Petit alésage,84.897,85.0,84.8,85.2
2025-08-01,S0084,1724,Alésage moyen,95.033,95.0,94.75,95.25
2025-08-01,S0084,1724,Alésage grand,105.092,105.0,104.8,105.2
2025-08-02,S0085,2305,Rayon extérieur,274.935,275.0,274.8,275.1
2025-08-02,S0085,2305,Rayon intérieur jante,210.049,210.0,209.7,210.3
2025-08-02,S0085,2305,Rayon hors tout,320.241,320.0,319.8,320.3
2025-08-02,S0085,2305,Rayon fond,39.92,40.0,39.9,40.1
2025-08-02,S0085,2305,Diamètre global max,325.815,325.81,325.31,326.11
2025-08-02,S0085,2305,Rayon extérieur (2e mention),274.864,275.0,274.4,275.6
2025-08-02,S0085,2305,Épaisseur patin,29.936,30.0,29.6,30.4
2025-08-02,S0085,2305,Largeur gorge centrale,79.957,79.97,79.77,80.17
2025-08-02,S0085,2305,Rayon fond (2e mention),40.109,40.0,39.85,40.15
2025-08-02,S0085,2305,Hauteur jante,175.283,175.0,174.75,175.25
2025-08-02,S0085,2305,Cercle de perçage,145.124,145.0,144.8,145.2
2025-08-02,S0085,2305,Rayon congé usinage,3.953,4.0,3.95,4.05
2025-08-02,S0085,2305,Petit alésage,84.864,85.0,84.8,85.2
2025-08-02,S0085,2305,Alésage moyen,94.891,95.0,94.75,95.25
2025-08-02,S0085,2305,Alésage grand,104.976,105.0,104.8,105.2
2025-08-03,S0086,1034,Rayon extérieur,274.974,275.0,274.8,275.1
2025-08-03,S0086,1034,Rayon intérieur jante,209.695,210.0,209.7,210.3
2025-08-03,S0086,1034,Rayon hors tout,320.39,320.0,319.8,320.3
2025-08-03,S0086,1034,Rayon fond,39.96,40.0,39.9,40.1
2025-08-03,S0086,1034,Diamètre global max,325.784,325.81,325.31,326.11
2025-08-03,S0086,1034,Rayon extérieur (2e mention),274.907,275.0,274.4,275.6
2025-08-03,S0086,1034,Épaisseur patin,30.434,30.0,29.6,30.4
2025-08-03,S0086,1034,Largeur gorge centrale,79.812,79.97,79.77,80.17
2025-08-03,S0086,1034,Rayon fond (2e mention),39.914,40.0,39.85,40.15
2025-08-03,S0086,1034,Hauteur jante,175.059,175.0,174.75,175.25
2025-08-03,S0086,1034,Cercle de perçage,144.884,145.0,144.8,145.2
2025-08-03,S0086,1034,Rayon congé usinage,3.999,4.0,3.95,4.05
2025-08-03,S0086,1034,Petit alésage,84.916,85.0,84.8,85.2
2025-08-03,S0086,1034,Alésage moyen,95.13,95.0,94.75,95.25
2025-08-03,S0086,1034,Alésage grand,104.904,105.0,104.8,105.2
2025-08-04,S0087,4263,Rayon extérieur,274.861,275.0,274.8,275.1
2025-08-04,S0087,4263,Rayon intérieur jante,210.056,210.0,209.7,210.3
2025-08-04,S0087,4263,Rayon hors tout,319.606,320.0,319.8,320.3
2025-08-04,S0087,4263,Rayon fond,39.941,40.0,39.9,40.1
2025-08-04,S0087,4263,Diamètre global max,326.057,325.81,325.31,326.11
2025-08-04,S0087,4263,Rayon extérieur (2e mention),274.463,275.0,274.4,275.6
2025-08-04,S0087,4263,Épaisseur patin,29.718,30.0,29.6,30.4
2025-08-04,S0087,4263,Largeur gorge centrale,79.852,79.97,79.77,80.17
2025-08-04,S0087,4263,Rayon fond (2e mention),40.079,40.0,39.85,40.15
2025-08-04,S0087,4263,Hauteur jante,174.748,175.0,174.75,175.25
2025-08-04,S0087,4263,Cercle de perçage,144.787,145.0,144.8,145.2
2025-08-04,S0087,4263,Rayon congé usinage,3.985,4.0,3.95,4.05
2025-08-04,S0087,4263,Petit alésage,85.008,85.0,84.8,85.2
2025-08-04,S0087,4263,Alésage moyen,94.938,95.0,94.75,95.25
2025-08-04,S0087,4263,Alésage grand,104.744,105.0,104.8,105.2
2025-08-05,S0088,9363,Rayon extérieur,274.805,275.0,274.8,275.1
2025-08-05,S0088,9363,Rayon intérieur jante,210.122,210.0,209.7,210.3
2025-08-05,S0088,9363,Rayon hors tout,319.956,320.0,319.8,320.3
2025-08-05,S0088,9363,Rayon fond,39.936,40.0,39.9,40.1
2025-08-05,S0088,9363,Diamètre global max,325.56,325.81,325.31,326.11
2025-08-05,S0088,9363,Rayon extérieur (2e mention),275.027,275.0,274.4,275.6
2025-08-05,S0088,9363,Épaisseur patin,30.06,30.0,29.6,30.4
2025-08-05,S0088,9363,Largeur gorge centrale,79.886,79.97,79.77,80.17
2025-08-05,S0088,9363,Rayon fond (2e mention),39.961,40.0,39.85,40.15
2025-08-05,S0088,9363,Hauteur jante,174.972,175.0,174.75,175.25
2025-08-05,S0088,9363,Cercle de perçage,145.152,145.0,144.8,145.2
2025-08-05,S0088,9363,Rayon congé usinage,3.996,4.0,3.95,4.05
2025-08-05,S0088,9363,Petit alésage,85.045,85.0,84.8,85.2
2025-08-05,S0088,9363,Alésage moyen,94.96,95.0,94.75,95.25
2025-08-05,S0088,9363,Alésage grand,104.793,105.0,104.8,105.2
2025-08-06,S0089,7694,Rayon extérieur,275.093,275.0,274.8,275.1
2025-08-06,S0089,7694,Rayon intérieur jante,210.261,210.0,209.7,210.3
2025-08-06,S0089,7694,Rayon hors tout,320.225,320.0,319.8,320.3
2025-08-06,S0089,7694,Rayon fond,39.998,40.0,39.9,40.1
2025-08-06,S0089,7694,Diamètre global max,325.731,325.81,325.31,326.11
2025-08-06,S0089,7694,Rayon extérieur (2e mention),274.681,275.0,274.4,275.6
2025-08-06,S0089,7694,Épaisseur patin,29.774,30.0,29.6,30.4
2025-08-06,S0089,7694,Largeur gorge centrale,79.902,79.97,79.77,80.17
2025-08-06,S0089,7694,Rayon fond (2e mention),39.981,40.0,39.85,40.15
2025-08-06,S0089,7694,Hauteur jante,175.278,175.0,174.75,175.25
2025-08-06,S0089,7694,Cercle de perçage,145.341,145.0,144.8,145.2
2025-08-06,S0089,7694,Rayon congé usinage,3.993,4.0,3.95,4.05
2025-08-06,S0089,7694,Petit alésage,85.182,85.0,84.8,85.2
2025-08-06,S0089,7694,Alésage moyen,95.364,95.0,94.75,95.25
2025-08-06,S0089,7694,Alésage grand,105.14,105.0,104.8,105.2
2025-08-07,S0090,6112,Rayon extérieur,274.834,275.0,274.8,275.1
2025-08-07,S0090,6112,Rayon intérieur jante,210.13,210.0,209.7,210.3
2025-08-07,S0090,6112,Rayon hors tout,319.905,320.0,319.8,320.3
2025-08-07,S0090,6112,Rayon fond,40.109,40.0,39.9,40.1
2025-08-07,S0090,6112,Diamètre global max,325.409,325.81,325.31,326.11
2025-08-07,S0090,6112,Rayon extérieur (2e mention),274.941,275.0,274.4,275.6
2025-08-07,S0090,6112,Épaisseur patin,30.212,30.0,29.6,30.4
2025-08-07,S0090,6112,Largeur gorge centrale,79.809,79.97,79.77,80.17
2025-08-07,S0090,6112,Rayon fond (2e mention),40.039,40.0,39.85,40.15
2025-08-07,S0090,6112,Hauteur jante,175.228,175.0,174.75,175.25
2025-08-07,S0090,6112,Cercle de perçage,145.23,145.0,144.8,145.2
2025-08-07,S0090,6112,Rayon congé usinage,4.064,4.0,3.95,4.05
2025-08-07,S0090,6112,Petit alésage,84.875,85.0,84.8,85.2
2025-08-07,S0090,6112,Alésage moyen,94.746,95.0,94.75,95.25
2025-08-07,S0090,6112,Alésage grand,105.137,105.0,104.8,105.2
2025-08-08,S0091,8846,Rayon extérieur,274.91,275.0,274.8,275.1
2025-08-08,S0091,8846,Rayon intérieur jante,210.115,210.0,209.7,210.3
2025-08-08,S0091,8846,Rayon hors tout,320.26,320.0,319.8,320.3
2025-08-08,S0091,8846,Rayon fond,40.129,40.0,39.9,40.1
2025-08-08,S0091,8846,Diamètre global max,325.932,325.81,325.31,326.11
2025-08-08,S0091,8846,Rayon extérieur (2e mention),274.848,275.0,274.4,275.6
2025-08-08,S0091,8846,Épaisseur patin,29.667,30.0,29.6,30.4
2025-08-08,S0091,8846,Largeur gorge centrale,79.745,79.97,79.77,80.17
2025-08-08,S0091,8846,Rayon fond (2e mention),39.964,40.0,39.85,40.15
2025-08-08,S0091,8846,Hauteur jante,174.913,175.0,174.75,175.25
2025-08-08,S0091,8846,Cercle de perçage,145.057,145.0,144.8,145.2
2025-08-08,S0091,8846,Rayon congé usinage,3.959,4.0,3.95,4.05
2025-08-08,S0091,8846,Petit alésage,85.108,85.0,84.8,85.2
2025-08-08,S0091,8846,Alésage moyen,94.747,95.0,94.75,95.25
2025-08-08,S0091,8846,Alésage grand,105.012,105.0,104.8,105.2
2025-08-09,S0092,4647,Rayon extérieur,275.041,275.0,274.8,275.1
2025-08-09,S0092,4647,Rayon intérieur jante,209.732,210.0,209.7,210.3
2025-08-09,S0092,4647,Rayon hors tout,320.292,320.0,319.8,320.3
2025-08-09,S0092,4647,Rayon fond,40.09,40.0,39.9,40.1
2025-08-09,S0092,4647,Diamètre global max,325.569,325.81,325.31,326.11
2025-08-09,S0092,4647,Rayon extérieur (2e mention),274.77,275.0,274.4,275.6
2025-08-09,S0092,4647,Épaisseur patin,29.692,30.0,29.6,30.4
2025-08-09,S0092,4647,Largeur gorge centrale,80.096,79.97,79.77,80.17
2025-08-09,S0092,4647,Rayon fond (2e mention),39.961,40.0,39.85,40.15
2025-08-09,S0092,4647,Hauteur jante,175.126,175.0,174.75,175.25
2025-08-09,S0092,4647,Cercle de perçage,145.05,145.0,144.8,145.2
2025-08-09,S0092,4647,Rayon congé usinage,4.019,4.0,3.95,4.05
2025-08-09,S0092,4647,Petit alésage,84.925,85.0,84.8,85.2
2025-08-09,S0092,4647,Alésage moyen,95.015,95.0,94.75,95.25
2025-08-09,S0092,4647,Alésage grand,104.929,105.0,104.8,105.2
2025-08-10,S0093,2317,Rayon extérieur,275.016,275.0,274.8,275.1
2025-08-10,S0093,2317,Rayon intérieur jante,209.895,210.0,209.7,210.3
2025-08-10,S0093,2317,Rayon hors tout,319.757,320.0,319.8,320.3
2025-08-10,S0093,2317,Rayon fond,40.01,40.0,39.9,40.1
2025-08-10,S0093,2317,Diamètre global max,325.425,325.81,325.31,326.11
2025-08-10,S0093,2317,Rayon extérieur (2e mention),274.353,275.0,274.4,275.6
2025-08-10,S0093,2317,Épaisseur patin,30.14,30.0,29.6,30.4
2025-08-10,S0093,2317,Largeur gorge centrale,80.007,79.97,79.77,80.17
2025-08-10,S0093,2317,Rayon fond (2e mention),40.084,40.0,39.85,40.15
2025-08-10,S0093,2317,Hauteur jante,175.069,175.0,174.75,175.25
2025-08-10,S0093,2317,Cercle de perçage,144.895,145.0,144.8,145.2
2025-08-10,S0093,2317,Rayon congé usinage,4.052,4.0,3.95,4.05
2025-08-10,S0093,2317,Petit alésage,84.981,85.0,84.8,85.2
2025-08-10,S0093,2317,Alésage moyen,95.152,95.0,94.75,95.25
2025-08-10,S0093,2317,Alésage grand,105.128,105.0,104.8,105.2
2025-08-11,S0094,6236,Rayon extérieur,274.986,275.0,274.8,275.1
2025-08-11,S0094,6236,Rayon intérieur jante,209.959,210.0,209.7,210.3
2025-08-11,S0094,6236,Rayon hors tout,319.833,320.0,319.8,320.3
2025-08-11,S0094,6236,Rayon fond,40.056,40.0,39.9,40.1
2025-08-11,S0094,6236,Diamètre global max,325.902,325.81,325.31,326.11
2025-08-11,S0094,6236,Rayon extérieur (2e mention),275.492,275.0,274.4,275.6
2025-08-11,S0094,6236,Épaisseur patin,29.655,30.0,29.6,30.4
2025-08-11,S0094,6236,Largeur gorge centrale,79.999,79.97,79.77,80.17
2025-08-11,S0094,6236,Rayon fond (2e mention),39.909,40.0,39.85,40.15
2025-08-11,S0094,6236,Hauteur jante,174.837,175.0,174.75,175.25
2025-08-11,S0094,6236,Cercle de perçage,145.106,145.0,144.8,145.2
2025-08-11,S0094,6236,Rayon congé usinage,4.022,4.0,3.95,4.05
2025-08-11,S0094,6236,Petit alésage,84.815,85.0,84.8,85.2
2025-08-11,S0094,6236,Alésage moyen,94.96,95.0,94.75,95.25
2025-08-11,S0094,6236,Alésage grand,104.999,105.0,104.8,105.2
2025-08-12,S0095,3095,Rayon extérieur,274.865,275.0,274.8,275.1
2025-08-12,S0095,3095,Rayon intérieur jante,209.946,210.0,209.7,210.3
2025-08-12,S0095,3095,Rayon hors tout,319.935,320.0,319.8,320.3
2025-08-12,S0095,3095,Rayon fond,40.008,40.0,39.9,40.1
2025-08-12,S0095,3095,Diamètre global max,325.646,325.81,325.31,326.11
2025-08-12,S0095,3095,Rayon extérieur (2e mention),275.265,275.0,274.4,275.6
2025-08-12,S0095,3095,Épaisseur patin,30.239,30.0,29.6,30.4
2025-08-12,S0095,3095,Largeur gorge centrale,80.144,79.97,79.77,80.17
2025-08-12,S0095,3095,Rayon fond (2e mention),39.869,40.0,39.85,40.15
2025-08-12,S0095,3095,Hauteur jante,175.104,175.0,174.75,175.25
2025-08-12,S0095,3095,Cercle de perçage,144.919,145.0,144.8,145.2
2025-08-12,S0095,3095,Rayon congé usinage,4.032,4.0,3.95,4.05
2025-08-12,S0095,3095,Petit alésage,85.012,85.0,84.8,85.2
2025-08-12,S0095,3095,Alésage moyen,94.946,95.0,94.75,95.25
2025-08-12,S0095,3095,Alésage grand,105.236,105.0,104.8,105.2
2025-08-13,S0096,9322,Rayon extérieur,274.859,275.0,274.8,275.1
2025-08-13,S0096,9322,Rayon intérieur jante,209.952,210.0,209.7,210.3
2025-08-13,S0096,9322,Rayon hors tout,320.14,320.0,319.8,320.3
2025-08-13,S0096,9322,Rayon fond,40.041,40.0,39.9,40.1
2025-08-13,S0096,9322,Diamètre global max,325.707,325.81,325.31,326.11
2025-08-13,S0096,9322,Rayon extérieur (2e mention),274.207,275.0,274.4,275.6
2025-08-13,S0096,9322,Épaisseur patin,29.845,30.0,29.6,30.4
2025-08-13,S0096,9322,Largeur gorge centrale,79.964,79.97,79.77,80.17
2025-08-13,S0096,9322,Rayon fond (2e mention),39.81,40.0,39.85,40.15
2025-08-13,S0096,9322,Hauteur jante,175.149,175.0,174.75,175.25
2025-08-13,S0096,9322,Cercle de perçage,144.792,145.0,144.8,145.2
2025-08-13,S0096,9322,Rayon congé usinage,4.008,4.0,3.95,4.05
2025-08-13,S0096,9322,Petit alésage,84.839,85.0,84.8,85.2
2025-08-13,S0096,9322,Alésage moyen,95.319,95.0,94.75,95.25
2025-08-13,S0096,9322,Alésage grand,105.14,105.0,104.8,105.2
2025-08-14,S0097,3197,Rayon extérieur,274.895,275.0,274.8,275.1
2025-08-14,S0097,3197,Rayon intérieur jante,210.419,210.0,209.7,210.3
2025-08-14,S0097,3197,Rayon hors tout,319.886,320.0,319.8,320.3
2025-08-14,S0097,3197,Rayon fond,40.022,40.0,39.9,40.1
2025-08-14,S0097,3197,Diamètre global max,325.756,325.81,325.31,326.11
2025-08-14,S0097,3197,Rayon extérieur (2e mention),274.903,275.0,274.4,275.6
2025-08-14,S0097,3197,Épaisseur patin,29.7,30.0,29.6,30.4
2025-08-14,S0097,3197,Largeur gorge centrale,79.913,79.97,79.77,80.17
2025-08-14,S0097,3197,Rayon fond (2e mention),39.954,40.0,39.85,40.15
2025-08-14,S0097,3197,Hauteur jante,175.052,175.0,174.75,175.25
2025-08-14,S0097,3197,Cercle de perçage,144.956,145.0,144.8,145.2
2025-08-14,S0097,3197,Rayon congé usinage,4.009,4.0,3.95,4.05
2025-08-14,S0097,3197,Petit alésage,84.945,85.0,84.8,85.2
2025-08-14,S0097,3197,Alésage moyen,94.842,95.0,94.75,95.25
2025-08-14,S0097,3197,Alésage grand,104.937,105.0,104.8,105.2
2025-08-15,S0098,2898,Rayon extérieur,274.993,275.0,274.8,275.1
2025-08-15,S0098,2898,Rayon intérieur jante,210.013,210.0,209.7,210.3
2025-08-15,S0098,2898,Rayon hors tout,320.147,320.0,319.8,320.3
2025-08-15,S0098,2898,Rayon fond,40.052,40.0,39.9,40.1
2025-08-15,S0098,2898,Diamètre global max,325.981,325.81,325.31,326.11
2025-08-15,S0098,2898,Rayon extérieur (2e mention),274.973,275.0,274.4,275.6
2025-08-15,S0098,2898,Épaisseur patin,30.165,30.0,29.6,30.4
2025-08-15,S0098,2898,Largeur gorge centrale,80.064,79.97,79.77,80.17
2025-08-15,S0098,2898,Rayon fond (2e mention),40.043,40.0,39.85,40.15
2025-08-15,S0098,2898,Hauteur jante,175.07,175.0,174.75,175.25
2025-08-15,S0098,2898,Cercle de perçage,145.044,145.0,144.8,145.2
2025-08-15,S0098,2898,Rayon congé usinage,3.95,4.0,3.95,4.05
2025-08-15,S0098,2898,Petit alésage,84.999,85.0,84.8,85.2
2025-08-15,S0098,2898,Alésage moyen,94.873,95.0,94.75,95.25
2025-08-15,S0098,2898,Alésage grand,104.94,105.0,104.8,105.2
2025-08-16,S0099,6531,Rayon extérieur,275.06,275.0,274.8,275.1
2025-08-16,S0099,6531,Rayon intérieur jante,210.17,210.0,209.7,210.3
2025-08-16,S0099,6531,Rayon hors tout,320.04,320.0,319.8,320.3
2025-08-16,S0099,6531,Rayon fond,40.117,40.0,39.9,40.1
2025-08-16,S0099,6531,Diamètre global max,326.309,325.81,325.31,326.11
2025-08-16,S0099,6531,Rayon extérieur (2e mention),274.415,275.0,274.4,275.6
2025-08-16,S0099,6531,Épaisseur patin,29.854,30.0,29.6,30.4
2025-08-16,S0099,6531,Largeur gorge centrale,79.926,79.97,79.77,80.17
2025-08-16,S0099,6531,Rayon fond (2e mention),40.066,40.0,39.85,40.15
2025-08-16,S0099,6531,Hauteur jante,175.281,175.0,174.75,175.25
2025-08-16,S0099,6531,Cercle de perçage,144.78,145.0,144.8,145.2
2025-08-16,S0099,6531,Rayon congé usinage,4.021,4.0,3.95,4.05
2025-08-16,S0099,6531,Petit alésage,85.024,85.0,84.8,85.2
2025-08-16,S0099,6531,Alésage moyen,94.72,95.0,94.75,95.25
2025-08-16,S0099,6531,Alésage grand,105.248,105.0,104.8,105.2
2025-08-17,S0100,6942,Rayon extérieur,274.877,275.0,274.8,275.1
2025-08-17,S0100,6942,Rayon intérieur jante,209.729,210.0,209.7,210.3
2025-08-17,S0100,6942,Rayon hors tout,320.267,320.0,319.8,320.3
2025-08-17,S0100,6942,Rayon fond,40.014,40.0,39.9,40.1
2025-08-17,S0100,6942,Diamètre global max,325.788,325.81,325.31,326.11
2025-08-17,S0100,6942,Rayon extérieur (2e mention),274.936,275.0,274.4,275.6
2025-08-17,S0100,6942,Épaisseur patin,29.88,30.0,29.6,30.4
2025-08-17,S0100,6942,Largeur gorge centrale,79.877,79.97,79.77,80.17
2025-08-17,S0100,6942,Rayon fond (2e mention),39.919,40.0,39.85,40.15
2025-08-17,S0100,6942,Hauteur jante,175.132,175.0,174.75,175.25
2025-08-17,S0100,6942,Cercle de perçage,145.228,145.0,144.8,145.2
2025-08-17,S0100,6942,Rayon congé usinage,4.043,4.0,3.95,4.05
2025-08-17,S0100,6942,Petit alésage,84.974,85.0,84.8,85.2
2025-08-17,S0100,6942,Alésage moyen,95.374,95.0,94.75,95.25
2025-08-17,S0100,6942,Alésage grand,104.977,105.0,104.8,105.2
