Date,Serial,OF,Cote,Nom_Cote,Mesure_Theorique,Tolérance_Min,Tolérance_Max
2025-05-09,S0001,5066,275.0,Rayon extérieur,274.867,274.8,275.1
2025-05-09,S0001,5066,210.0,Rayon intérieur jante,209.925,209.7,210.3
2025-05-09,S0001,5066,320.0,Rayon hors tout,320.276,319.8,320.3
2025-05-09,S0001,5066,40.0,Rayon fond,39.96,39.9,40.1
2025-05-09,S0001,5066,325.81,Diamètre global max,325.46,325.31,326.11
2025-05-09,S0001,5066,275.0,Rayon extérieur (2e mention),275.307,274.4,275.6
2025-05-09,S0001,5066,30.0,Épaisseur patin,29.83,29.6,30.4
2025-05-09,S0001,5066,79.97,Largeur gorge centrale,79.926,79.77,80.17
2025-05-09,S0001,5066,40.0,Rayon fond (2e mention),39.9,39.85,40.15
2025-05-09,S0001,5066,175.0,Hauteur jante,174.782,174.75,175.25
2025-05-09,S0001,5066,145.0,Cercle de perçage,145.034,144.8,145.2
2025-05-09,S0001,5066,4.0,Rayon congé usinage,4.017,3.95,4.05
2025-05-09,S0001,5066,85.0,Petit alésage,85.076,84.8,85.2
2025-05-09,S0001,5066,95.0,Alésage moyen,95.24,94.75,95.25
2025-05-09,S0001,5066,105.0,Alésage grand,104.806,104.8,105.2
2025-05-10,S0002,5785,275.0,Rayon extérieur,275.089,274.8,275.1
2025-05-10,S0002,5785,210.0,Rayon intérieur jante,209.995,209.7,210.3
2025-05-10,S0002,5785,320.0,Rayon hors tout,320.194,319.8,320.3
2025-05-10,S0002,5785,40.0,Rayon fond,39.966,39.9,40.1
2025-05-10,S0002,5785,325.81,Diamètre global max,325.698,325.31,326.11
2025-05-10,S0002,5785,275.0,Rayon extérieur (2e mention),275.226,274.4,275.6
2025-05-10,S0002,5785,30.0,Épaisseur patin,29.684,29.6,30.4
2025-05-10,S0002,5785,79.97,Largeur gorge centrale,79.872,79.77,80.17
2025-05-10,S0002,5785,40.0,Rayon fond (2e mention),40.107,39.85,40.15
2025-05-10,S0002,5785,175.0,Hauteur jante,174.968,174.75,175.25
2025-05-10,S0002,5785,145.0,Cercle de perçage,145.071,144.8,145.2
2025-05-10,S0002,5785,4.0,Rayon congé usinage,3.98,3.95,4.05
2025-05-10,S0002,5785,85.0,Petit alésage,84.818,84.8,85.2
2025-05-10,S0002,5785,95.0,Alésage moyen,95.014,94.75,95.25
2025-05-10,S0002,5785,105.0,Alésage grand,105.124,104.8,105.2
2025-05-11,S0003,9340,275.0,Rayon extérieur,274.992,274.8,275.1
2025-05-11,S0003,9340,210.0,Rayon intérieur jante,210.255,209.7,210.3
2025-05-11,S0003,9340,320.0,Rayon hors tout,320.139,319.8,320.3
2025-05-11,S0003,9340,40.0,Rayon fond,40.04,39.9,40.1
2025-05-11,S0003,9340,325.81,Diamètre global max,325.738,325.31,326.11
2025-05-11,S0003,9340,275.0,Rayon extérieur (2e mention),274.767,274.4,275.6
2025-05-11,S0003,9340,30.0,Épaisseur patin,30.08,29.6,30.4
2025-05-11,S0003,9340,79.97,Largeur gorge centrale,79.989,79.77,80.17
2025-05-11,S0003,9340,40.0,Rayon fond (2e mention),40.037,39.85,40.15
2025-05-11,S0003,9340,175.0,Hauteur jante,175.127,174.75,175.25
2025-05-11,S0003,9340,145.0,Cercle de perçage,144.806,144.8,145.2
2025-05-11,S0003,9340,4.0,Rayon congé usinage,4.003,3.95,4.05
2025-05-11,S0003,9340,85.0,Petit alésage,85.105,84.8,85.2
2025-05-11,S0003,9340,95.0,Alésage moyen,94.932,94.75,95.25
2025-05-11,S0003,9340,105.0,Alésage grand,105.176,104.8,105.2
2025-05-12,S0004,2489,275.0,Rayon extérieur,275.066,274.8,275.1
2025-05-12,S0004,2489,210.0,Rayon intérieur jante,209.849,209.7,210.3
2025-05-12,S0004,2489,320.0,Rayon hors tout,319.893,319.8,320.3
2025-05-12,S0004,2489,40.0,Rayon fond,40.066,39.9,40.1
2025-05-12,S0004,2489,325.81,Diamètre global max,325.88,325.31,326.11
2025-05-12,S0004,2489,275.0,Rayon extérieur (2e mention),275.433,274.4,275.6
2025-05-12,S0004,2489,30.0,Épaisseur patin,29.851,29.6,30.4
2025-05-12,S0004,2489,79.97,Largeur gorge centrale,79.831,79.77,80.17
2025-05-12,S0004,2489,40.0,Rayon fond (2e mention),40.129,39.85,40.15
2025-05-12,S0004,2489,175.0,Hauteur jante,174.989,174.75,175.25
2025-05-12,S0004,2489,145.0,Cercle de perçage,144.931,144.8,145.2
2025-05-12,S0004,2489,4.0,Rayon congé usinage,4.018,3.95,4.05
2025-05-12,S0004,2489,85.0,Petit alésage,84.995,84.8,85.2
2025-05-12,S0004,2489,95.0,Alésage moyen,94.972,94.75,95.25
2025-05-12,S0004,2489,105.0,Alésage grand,104.841,104.8,105.2
2025-05-13,S0005,6054,275.0,Rayon extérieur,275.088,274.8,275.1
2025-05-13,S0005,6054,210.0,Rayon intérieur jante,209.957,209.7,210.3
2025-05-13,S0005,6054,320.0,Rayon hors tout,320.2,319.8,320.3
2025-05-13,S0005,6054,40.0,Rayon fond,39.907,39.9,40.1
2025-05-13,S0005,6054,325.81,Diamètre global max,325.351,325.31,326.11
2025-05-13,S0005,6054,275.0,Rayon extérieur (2e mention),275.473,274.4,275.6
2025-05-13,S0005,6054,30.0,Épaisseur patin,29.809,29.6,30.4
2025-05-13,S0005,6054,79.97,Largeur gorge centrale,79.995,79.77,80.17
2025-05-13,S0005,6054,40.0,Rayon fond (2e mention),39.853,39.85,40.15
2025-05-13,S0005,6054,175.0,Hauteur jante,174.99,174.75,175.25
2025-05-13,S0005,6054,145.0,Cercle de perçage,144.96,144.8,145.2
2025-05-13,S0005,6054,4.0,Rayon congé usinage,3.98,3.95,4.05
2025-05-13,S0005,6054,85.0,Petit alésage,85.059,84.8,85.2
2025-05-13,S0005,6054,95.0,Alésage moyen,94.816,94.75,95.25
2025-05-13,S0005,6054,105.0,Alésage grand,104.888,104.8,105.2
2025-05-14,S0006,8304,275.0,Rayon extérieur,275.019,274.8,275.1
2025-05-14,S0006,8304,210.0,Rayon intérieur jante,209.893,209.7,210.3
2025-05-14,S0006,8304,320.0,Rayon hors tout,320.185,319.8,320.3
2025-05-14,S0006,8304,40.0,Rayon fond,39.943,39.9,40.1
2025-05-14,S0006,8304,325.81,Diamètre global max,326.044,325.31,326.11
2025-05-14,S0006,8304,275.0,Rayon extérieur (2e mention),275.098,274.4,275.6
2025-05-14,S0006,8304,30.0,Épaisseur patin,30.092,29.6,30.4
2025-05-14,S0006,8304,79.97,Largeur gorge centrale,80.168,79.77,80.17
2025-05-14,S0006,8304,40.0,Rayon fond (2e mention),39.939,39.85,40.15
2025-05-14,S0006,8304,175.0,Hauteur jante,174.835,174.75,175.25
2025-05-14,S0006,8304,145.0,Cercle de perçage,145.139,144.8,145.2
2025-05-14,S0006,8304,4.0,Rayon congé usinage,3.975,3.95,4.05
2025-05-14,S0006,8304,85.0,Petit alésage,84.881,84.8,85.2
2025-05-14,S0006,8304,95.0,Alésage moyen,94.883,94.75,95.25
2025-05-14,S0006,8304,105.0,Alésage grand,104.83,104.8,105.2
2025-05-15,S0007,6664,275.0,Rayon extérieur,274.961,274.8,275.1
2025-05-15,S0007,6664,210.0,Rayon intérieur jante,209.785,209.7,210.3
2025-05-15,S0007,6664,320.0,Rayon hors tout,320.036,319.8,320.3
2025-05-15,S0007,6664,40.0,Rayon fond,40.006,39.9,40.1
2025-05-15,S0007,6664,325.81,Diamètre global max,325.668,325.31,326.11
2025-05-15,S0007,6664,275.0,Rayon extérieur (2e mention),275.05,274.4,275.6
2025-05-15,S0007,6664,30.0,Épaisseur patin,30.243,29.6,30.4
2025-05-15,S0007,6664,79.97,Largeur gorge centrale,80.089,79.77,80.17
2025-05-15,S0007,6664,40.0,Rayon fond (2e mention),39.938,39.85,40.15
2025-05-15,S0007,6664,175.0,Hauteur jante,175.21,174.75,175.25
2025-05-15,S0007,6664,145.0,Cercle de perçage,144.87,144.8,145.2
2025-05-15,S0007,6664,4.0,Rayon congé usinage,3.989,3.95,4.05
2025-05-15,S0007,6664,85.0,Petit alésage,84.925,84.8,85.2
2025-05-15,S0007,6664,95.0,Alésage moyen,94.839,94.75,95.25
2025-05-15,S0007,6664,105.0,Alésage grand,104.868,104.8,105.2
2025-05-16,S0008,7166,275.0,Rayon extérieur,274.849,274.8,275.1
2025-05-16,S0008,7166,210.0,Rayon intérieur jante,209.893,209.7,210.3
2025-05-16,S0008,7166,320.0,Rayon hors tout,320.108,319.8,320.3
2025-05-16,S0008,7166,40.0,Rayon fond,40.034,39.9,40.1
2025-05-16,S0008,7166,325.81,Diamètre global max,325.738,325.31,326.11
2025-05-16,S0008,7166,275.0,Rayon extérieur (2e mention),274.942,274.4,275.6
2025-05-16,S0008,7166,30.0,Épaisseur patin,29.946,29.6,30.4
2025-05-16,S0008,7166,79.97,Largeur gorge centrale,79.841,79.77,80.17
2025-05-16,S0008,7166,40.0,Rayon fond (2e mention),40.008,39.85,40.15
2025-05-16,S0008,7166,175.0,Hauteur jante,174.752,174.75,175.25
2025-05-16,S0008,7166,145.0,Cercle de perçage,144.925,144.8,145.2
2025-05-16,S0008,7166,4.0,Rayon congé usinage,3.971,3.95,4.05
2025-05-16,S0008,7166,85.0,Petit alésage,85.024,84.8,85.2
2025-05-16,S0008,7166,95.0,Alésage moyen,94.854,94.75,95.25
2025-05-16,S0008,7166,105.0,Alésage grand,105.157,104.8,105.2
2025-05-17,S0009,2699,275.0,Rayon extérieur,274.979,274.8,275.1
2025-05-17,S0009,2699,210.0,Rayon intérieur jante,210.208,209.7,210.3
2025-05-17,S0009,2699,320.0,Rayon hors tout,320.08,319.8,320.3
2025-05-17,S0009,2699,40.0,Rayon fond,39.917,39.9,40.1
2025-05-17,S0009,2699,325.81,Diamètre global max,325.647,325.31,326.11
2025-05-17,S0009,2699,275.0,Rayon extérieur (2e mention),274.964,274.4,275.6
2025-05-17,S0009,2699,30.0,Épaisseur patin,29.922,29.6,30.4
2025-05-17,S0009,2699,79.97,Largeur gorge centrale,79.981,79.77,80.17
2025-05-17,S0009,2699,40.0,Rayon fond (2e mention),40.126,39.85,40.15
2025-05-17,S0009,2699,175.0,Hauteur jante,174.952,174.75,175.25
2025-05-17,S0009,2699,145.0,Cercle de perçage,144.832,144.8,145.2
2025-05-17,S0009,2699,4.0,Rayon congé usinage,4.005,3.95,4.05
2025-05-17,S0009,2699,85.0,Petit alésage,85.012,84.8,85.2
2025-05-17,S0009,2699,95.0,Alésage moyen,95.191,94.75,95.25
2025-05-17,S0009,2699,105.0,Alésage grand,104.876,104.8,105.2
2025-05-18,S0010,7503,275.0,Rayon extérieur,275.088,274.8,275.1
2025-05-18,S0010,7503,210.0,Rayon intérieur jante,209.83,209.7,210.3
2025-05-18,S0010,7503,320.0,Rayon hors tout,320.238,319.8,320.3
2025-05-18,S0010,7503,40.0,Rayon fond,39.966,39.9,40.1
2025-05-18,S0010,7503,325.81,Diamètre global max,325.815,325.31,326.11
2025-05-18,S0010,7503,275.0,Rayon extérieur (2e mention),275.338,274.4,275.6
2025-05-18,S0010,7503,30.0,Épaisseur patin,30.238,29.6,30.4
2025-05-18,S0010,7503,79.97,Largeur gorge centrale,79.856,79.77,80.17
2025-05-18,S0010,7503,40.0,Rayon fond (2e mention),40.048,39.85,40.15
2025-05-18,S0010,7503,175.0,Hauteur jante,175.147,174.75,175.25
2025-05-18,S0010,7503,145.0,Cercle de perçage,145.131,144.8,145.2
2025-05-18,S0010,7503,4.0,Rayon congé usinage,3.995,3.95,4.05
2025-05-18,S0010,7503,85.0,Petit alésage,84.869,84.8,85.2
2025-05-18,S0010,7503,95.0,Alésage moyen,95.173,94.75,95.25
2025-05-18,S0010,7503,105.0,Alésage grand,105.057,104.8,105.2
2025-05-19,S0011,1298,275.0,Rayon extérieur,274.979,274.8,275.1
2025-05-19,S0011,1298,210.0,Rayon intérieur jante,209.817,209.7,210.3
2025-05-19,S0011,1298,320.0,Rayon hors tout,320.176,319.8,320.3
2025-05-19,S0011,1298,40.0,Rayon fond,40.075,39.9,40.1
2025-05-19,S0011,1298,325.81,Diamètre global max,326.007,325.31,326.11
2025-05-19,S0011,1298,275.0,Rayon extérieur (2e mention),274.832,274.4,275.6
2025-05-19,S0011,1298,30.0,Épaisseur patin,29.683,29.6,30.4
2025-05-19,S0011,1298,79.97,Largeur gorge centrale,79.935,79.77,80.17
2025-05-19,S0011,1298,40.0,Rayon fond (2e mention),39.905,39.85,40.15
2025-05-19,S0011,1298,175.0,Hauteur jante,175.044,174.75,175.25
2025-05-19,S0011,1298,145.0,Cercle de perçage,144.917,144.8,145.2
2025-05-19,S0011,1298,4.0,Rayon congé usinage,4.036,3.95,4.05
2025-05-19,S0011,1298,85.0,Petit alésage,85.0,84.8,85.2
2025-05-19,S0011,1298,95.0,Alésage moyen,95.002,94.75,95.25
2025-05-19,S0011,1298,105.0,Alésage grand,105.128,104.8,105.2
2025-05-20,S0012,3697,275.0,Rayon extérieur,275.035,274.8,275.1
2025-05-20,S0012,3697,210.0,Rayon intérieur jante,209.823,209.7,210.3
2025-05-20,S0012,3697,320.0,Rayon hors tout,320.161,319.8,320.3
2025-05-20,S0012,3697,40.0,Rayon fond,40.013,39.9,40.1
2025-05-20,S0012,3697,325.81,Diamètre global max,325.383,325.31,326.11
2025-05-20,S0012,3697,275.0,Rayon extérieur (2e mention),275.454,274.4,275.6
2025-05-20,S0012,3697,30.0,Épaisseur patin,29.733,29.6,30.4
2025-05-20,S0012,3697,79.97,Largeur gorge centrale,80.126,79.77,80.17
2025-05-20,S0012,3697,40.0,Rayon fond (2e mention),40.022,39.85,40.15
2025-05-20,S0012,3697,175.0,Hauteur jante,174.995,174.75,175.25
2025-05-20,S0012,3697,145.0,Cercle de perçage,145.144,144.8,145.2
2025-05-20,S0012,3697,4.0,Rayon congé usinage,3.952,3.95,4.05
2025-05-20,S0012,3697,85.0,Petit alésage,84.921,84.8,85.2
2025-05-20,S0012,3697,95.0,Alésage moyen,94.819,94.75,95.25
2025-05-20,S0012,3697,105.0,Alésage grand,104.819,104.8,105.2
2025-05-21,S0013,4385,275.0,Rayon extérieur,274.808,274.8,275.1
2025-05-21,S0013,4385,210.0,Rayon intérieur jante,210.061,209.7,210.3
2025-05-21,S0013,4385,320.0,Rayon hors tout,320.194,319.8,320.3
2025-05-21,S0013,4385,40.0,Rayon fond,39.928,39.9,40.1
2025-05-21,S0013,4385,325.81,Diamètre global max,325.619,325.31,326.11
2025-05-21,S0013,4385,275.0,Rayon extérieur (2e mention),275.476,274.4,275.6
2025-05-21,S0013,4385,30.0,Épaisseur patin,29.849,29.6,30.4
2025-05-21,S0013,4385,79.97,Largeur gorge centrale,79.817,79.77,80.17
2025-05-21,S0013,4385,40.0,Rayon fond (2e mention),39.898,39.85,40.15
2025-05-21,S0013,4385,175.0,Hauteur jante,175.086,174.75,175.25
2025-05-21,S0013,4385,145.0,Cercle de perçage,144.957,144.8,145.2
2025-05-21,S0013,4385,4.0,Rayon congé usinage,3.995,3.95,4.05
2025-05-21,S0013,4385,85.0,Petit alésage,85.13,84.8,85.2
2025-05-21,S0013,4385,95.0,Alésage moyen,94.96,94.75,95.25
2025-05-21,S0013,4385,105.0,Alésage grand,105.019,104.8,105.2
2025-05-22,S0014,2763,275.0,Rayon extérieur,274.846,274.8,275.1
2025-05-22,S0014,2763,210.0,Rayon intérieur jante,210.142,209.7,210.3
2025-05-22,S0014,2763,320.0,Rayon hors tout,320.246,319.8,320.3
2025-05-22,S0014,2763,40.0,Rayon fond,40.028,39.9,40.1
2025-05-22,S0014,2763,325.81,Diamètre global max,326.084,325.31,326.11
2025-05-22,S0014,2763,275.0,Rayon extérieur (2e mention),274.409,274.4,275.6
2025-05-22,S0014,2763,30.0,Épaisseur patin,29.675,29.6,30.4
2025-05-22,S0014,2763,79.97,Largeur gorge centrale,80.128,79.77,80.17
2025-05-22,S0014,2763,40.0,Rayon fond (2e mention),40.019,39.85,40.15
2025-05-22,S0014,2763,175.0,Hauteur jante,175.04,174.75,175.25
2025-05-22,S0014,2763,145.0,Cercle de perçage,144.852,144.8,145.2
2025-05-22,S0014,2763,4.0,Rayon congé usinage,4.038,3.95,4.05
2025-05-22,S0014,2763,85.0,Petit alésage,84.915,84.8,85.2
2025-05-22,S0014,2763,95.0,Alésage moyen,95.065,94.75,95.25
2025-05-22,S0014,2763,105.0,Alésage grand,104.856,104.8,105.2
2025-05-23,S0015,8246,275.0,Rayon extérieur,275.08,274.8,275.1
2025-05-23,S0015,8246,210.0,Rayon intérieur jante,209.733,209.7,210.3
2025-05-23,S0015,8246,320.0,Rayon hors tout,320.114,319.8,320.3
2025-05-23,S0015,8246,40.0,Rayon fond,40.072,39.9,40.1
2025-05-23,S0015,8246,325.81,Diamètre global max,325.375,325.31,326.11
2025-05-23,S0015,8246,275.0,Rayon extérieur (2e mention),274.865,274.4,275.6
2025-05-23,S0015,8246,30.0,Épaisseur patin,30.257,29.6,30.4
2025-05-23,S0015,8246,79.97,Largeur gorge centrale,80.107,79.77,80.17
2025-05-23,S0015,8246,40.0,Rayon fond (2e mention),39.884,39.85,40.15
2025-05-23,S0015,8246,175.0,Hauteur jante,175.178,174.75,175.25
2025-05-23,S0015,8246,145.0,Cercle de perçage,145.014,144.8,145.2
2025-05-23,S0015,8246,4.0,Rayon congé usinage,4.032,3.95,4.05
2025-05-23,S0015,8246,85.0,Petit alésage,84.993,84.8,85.2
2025-05-23,S0015,8246,95.0,Alésage moyen,95.172,94.75,95.25
2025-05-23,S0015,8246,105.0,Alésage grand,104.915,104.8,105.2
2025-05-24,S0016,6876,275.0,Rayon extérieur,274.845,274.8,275.1
2025-05-24,S0016,6876,210.0,Rayon intérieur jante,209.768,209.7,210.3
2025-05-24,S0016,6876,320.0,Rayon hors tout,320.017,319.8,320.3
2025-05-24,S0016,6876,40.0,Rayon fond,40.068,39.9,40.1
2025-05-24,S0016,6876,325.81,Diamètre global max,325.622,325.31,326.11
2025-05-24,S0016,6876,275.0,Rayon extérieur (2e mention),275.147,274.4,275.6
2025-05-24,S0016,6876,30.0,Épaisseur patin,29.716,29.6,30.4
2025-05-24,S0016,6876,79.97,Largeur gorge centrale,80.135,79.77,80.17
2025-05-24,S0016,6876,40.0,Rayon fond (2e mention),39.868,39.85,40.15
2025-05-24,S0016,6876,175.0,Hauteur jante,174.935,174.75,175.25
2025-05-24,S0016,6876,145.0,Cercle de perçage,144.967,144.8,145.2
2025-05-24,S0016,6876,4.0,Rayon congé usinage,3.963,3.95,4.05
2025-05-24,S0016,6876,85.0,Petit alésage,85.009,84.8,85.2
2025-05-24,S0016,6876,95.0,Alésage moyen,94.924,94.75,95.25
2025-05-24,S0016,6876,105.0,Alésage grand,105.063,104.8,105.2
2025-05-25,S0017,4770,275.0,Rayon extérieur,274.934,274.8,275.1
2025-05-25,S0017,4770,210.0,Rayon intérieur jante,210.251,209.7,210.3
2025-05-25,S0017,4770,320.0,Rayon hors tout,319.966,319.8,320.3
2025-05-25,S0017,4770,40.0,Rayon fond,39.974,39.9,40.1
2025-05-25,S0017,4770,325.81,Diamètre global max,325.925,325.31,326.11
2025-05-25,S0017,4770,275.0,Rayon extérieur (2e mention),274.659,274.4,275.6
2025-05-25,S0017,4770,30.0,Épaisseur patin,30.391,29.6,30.4
2025-05-25,S0017,4770,79.97,Largeur gorge centrale,80.04,79.77,80.17
2025-05-25,S0017,4770,40.0,Rayon fond (2e mention),39.929,39.85,40.15
2025-05-25,S0017,4770,175.0,Hauteur jante,175.191,174.75,175.25
2025-05-25,S0017,4770,145.0,Cercle de perçage,145.123,144.8,145.2
2025-05-25,S0017,4770,4.0,Rayon congé usinage,4.03,3.95,4.05
2025-05-25,S0017,4770,85.0,Petit alésage,85.167,84.8,85.2
2025-05-25,S0017,4770,95.0,Alésage moyen,94.854,94.75,95.25
2025-05-25,S0017,4770,105.0,Alésage grand,104.991,104.8,105.2
2025-05-26,S0018,2162,275.0,Rayon extérieur,274.815,274.8,275.1
2025-05-26,S0018,2162,210.0,Rayon intérieur jante,210.193,209.7,210.3
2025-05-26,S0018,2162,320.0,Rayon hors tout,320.055,319.8,320.3
2025-05-26,S0018,2162,40.0,Rayon fond,40.008,39.9,40.1
2025-05-26,S0018,2162,325.81,Diamètre global max,325.464,325.31,326.11
2025-05-26,S0018,2162,275.0,Rayon extérieur (2e mention),275.054,274.4,275.6
2025-05-26,S0018,2162,30.0,Épaisseur patin,29.846,29.6,30.4
2025-05-26,S0018,2162,79.97,Largeur gorge centrale,79.795,79.77,80.17
2025-05-26,S0018,2162,40.0,Rayon fond (2e mention),40.066,39.85,40.15
2025-05-26,S0018,2162,175.0,Hauteur jante,175.244,174.75,175.25
2025-05-26,S0018,2162,145.0,Cercle de perçage,145.164,144.8,145.2
2025-05-26,S0018,2162,4.0,Rayon congé usinage,3.956,3.95,4.05
2025-05-26,S0018,2162,85.0,Petit alésage,85.03,84.8,85.2
2025-05-26,S0018,2162,95.0,Alésage moyen,94.848,94.75,95.25
2025-05-26,S0018,2162,105.0,Alésage grand,105.051,104.8,105.2
2025-05-27,S0019,1948,275.0,Rayon extérieur,274.835,274.8,275.1
2025-05-27,S0019,1948,210.0,Rayon intérieur jante,210.11,209.7,210.3
2025-05-27,S0019,1948,320.0,Rayon hors tout,320.125,319.8,320.3
2025-05-27,S0019,1948,40.0,Rayon fond,39.99,39.9,40.1
2025-05-27,S0019,1948,325.81,Diamètre global max,325.395,325.31,326.11
2025-05-27,S0019,1948,275.0,Rayon extérieur (2e mention),275.492,274.4,275.6
2025-05-27,S0019,1948,30.0,Épaisseur patin,29.941,29.6,30.4
2025-05-27,S0019,1948,79.97,Largeur gorge centrale,79.788,79.77,80.17
2025-05-27,S0019,1948,40.0,Rayon fond (2e mention),39.907,39.85,40.15
2025-05-27,S0019,1948,175.0,Hauteur jante,174.883,174.75,175.25
2025-05-27,S0019,1948,145.0,Cercle de perçage,144.964,144.8,145.2
2025-05-27,S0019,1948,4.0,Rayon congé usinage,3.955,3.95,4.05
2025-05-27,S0019,1948,85.0,Petit alésage,85.005,84.8,85.2
2025-05-27,S0019,1948,95.0,Alésage moyen,95.223,94.75,95.25
2025-05-27,S0019,1948,105.0,Alésage grand,104.86,104.8,105.2
2025-05-28,S0020,5000,275.0,Rayon extérieur,274.847,274.8,275.1
2025-05-28,S0020,5000,210.0,Rayon intérieur jante,210.072,209.7,210.3
2025-05-28,S0020,5000,320.0,Rayon hors tout,320.283,319.8,320.3
2025-05-28,S0020,5000,40.0,Rayon fond,40.057,39.9,40.1
2025-05-28,S0020,5000,325.81,Diamètre global max,325.839,325.31,326.11
2025-05-28,S0020,5000,275.0,Rayon extérieur (2e mention),274.914,274.4,275.6
2025-05-28,S0020,5000,30.0,Épaisseur patin,29.819,29.6,30.4
2025-05-28,S0020,5000,79.97,Largeur gorge centrale,79.857,79.77,80.17
2025-05-28,S0020,5000,40.0,Rayon fond (2e mention),40.084,39.85,40.15
2025-05-28,S0020,5000,175.0,Hauteur jante,174.891,174.75,175.25
2025-05-28,S0020,5000,145.0,Cercle de perçage,144.972,144.8,145.2
2025-05-28,S0020,5000,4.0,Rayon congé usinage,4.013,3.95,4.05
2025-05-28,S0020,5000,85.0,Petit alésage,85.18,84.8,85.2
2025-05-28,S0020,5000,95.0,Alésage moyen,95.236,94.75,95.25
2025-05-28,S0020,5000,105.0,Alésage grand,104.835,104.8,105.2
2025-05-29,S0021,2161,275.0,Rayon extérieur,275.042,274.8,275.1
2025-05-29,S0021,2161,210.0,Rayon intérieur jante,209.703,209.7,210.3
2025-05-29,S0021,2161,320.0,Rayon hors tout,319.86,319.8,320.3
2025-05-29,S0021,2161,40.0,Rayon fond,40.095,39.9,40.1
2025-05-29,S0021,2161,325.81,Diamètre global max,325.406,325.31,326.11
2025-05-29,S0021,2161,275.0,Rayon extérieur (2e mention),275.014,274.4,275.6
2025-05-29,S0021,2161,30.0,Épaisseur patin,30.004,29.6,30.4
2025-05-29,S0021,2161,79.97,Largeur gorge centrale,80.048,79.77,80.17
2025-05-29,S0021,2161,40.0,Rayon fond (2e mention),39.948,39.85,40.15
2025-05-29,S0021,2161,175.0,Hauteur jante,174.805,174.75,175.25
2025-05-29,S0021,2161,145.0,Cercle de perçage,144.968,144.8,145.2
2025-05-29,S0021,2161,4.0,Rayon congé usinage,3.972,3.95,4.05
2025-05-29,S0021,2161,85.0,Petit alésage,84.929,84.8,85.2
2025-05-29,S0021,2161,95.0,Alésage moyen,94.888,94.75,95.25
2025-05-29,S0021,2161,105.0,Alésage grand,105.096,104.8,105.2
2025-05-30,S0022,5939,275.0,Rayon extérieur,274.943,274.8,275.1
2025-05-30,S0022,5939,210.0,Rayon intérieur jante,209.82,209.7,210.3
2025-05-30,S0022,5939,320.0,Rayon hors tout,320.089,319.8,320.3
2025-05-30,S0022,5939,40.0,Rayon fond,39.905,39.9,40.1
2025-05-30,S0022,5939,325.81,Diamètre global max,325.871,325.31,326.11
2025-05-30,S0022,5939,275.0,Rayon extérieur (2e mention),274.905,274.4,275.6
2025-05-30,S0022,5939,30.0,Épaisseur patin,30.299,29.6,30.4
2025-05-30,S0022,5939,79.97,Largeur gorge centrale,79.81,79.77,80.17
2025-05-30,S0022,5939,40.0,Rayon fond (2e mention),39.889,39.85,40.15
2025-05-30,S0022,5939,175.0,Hauteur jante,175.247,174.75,175.25
2025-05-30,S0022,5939,145.0,Cercle de perçage,144.999,144.8,145.2
2025-05-30,S0022,5939,4.0,Rayon congé usinage,4.004,3.95,4.05
2025-05-30,S0022,5939,85.0,Petit alésage,85.075,84.8,85.2
2025-05-30,S0022,5939,95.0,Alésage moyen,95.076,94.75,95.25
2025-05-30,S0022,5939,105.0,Alésage grand,105.161,104.8,105.2
2025-05-31,S0023,5889,275.0,Rayon extérieur,274.814,274.8,275.1
2025-05-31,S0023,5889,210.0,Rayon intérieur jante,210.284,209.7,210.3
2025-05-31,S0023,5889,320.0,Rayon hors tout,320.124,319.8,320.3
2025-05-31,S0023,5889,40.0,Rayon fond,40.003,39.9,40.1
2025-05-31,S0023,5889,325.81,Diamètre global max,325.369,325.31,326.11
2025-05-31,S0023,5889,275.0,Rayon extérieur (2e mention),275.223,274.4,275.6
2025-05-31,S0023,5889,30.0,Épaisseur patin,30.2,29.6,30.4
2025-05-31,S0023,5889,79.97,Largeur gorge centrale,79.896,79.77,80.17
2025-05-31,S0023,5889,40.0,Rayon fond (2e mention),39.965,39.85,40.15
2025-05-31,S0023,5889,175.0,Hauteur jante,174.848,174.75,175.25
2025-05-31,S0023,5889,145.0,Cercle de perçage,145.119,144.8,145.2
2025-05-31,S0023,5889,4.0,Rayon congé usinage,3.996,3.95,4.05
2025-05-31,S0023,5889,85.0,Petit alésage,85.131,84.8,85.2
2025-05-31,S0023,5889,95.0,Alésage moyen,95.135,94.75,95.25
2025-05-31,S0023,5889,105.0,Alésage grand,104.856,104.8,105.2
2025-06-01,S0024,6490,275.0,Rayon extérieur,275.098,274.8,275.1
2025-06-01,S0024,6490,210.0,Rayon intérieur jante,210.062,209.7,210.3
2025-06-01,S0024,6490,320.0,Rayon hors tout,320.138,319.8,320.3
2025-06-01,S0024,6490,40.0,Rayon fond,40.005,39.9,40.1
2025-06-01,S0024,6490,325.81,Diamètre global max,325.676,325.31,326.11
2025-06-01,S0024,6490,275.0,Rayon extérieur (2e mention),274.822,274.4,275.6
2025-06-01,S0024,6490,30.0,Épaisseur patin,30.295,29.6,30.4
2025-06-01,S0024,6490,79.97,Largeur gorge centrale,80.127,79.77,80.17
2025-06-01,S0024,6490,40.0,Rayon fond (2e mention),39.957,39.85,40.15
2025-06-01,S0024,6490,175.0,Hauteur jante,174.916,174.75,175.25
2025-06-01,S0024,6490,145.0,Cercle de perçage,144.827,144.8,145.2
2025-06-01,S0024,6490,4.0,Rayon congé usinage,3.995,3.95,4.05
2025-06-01,S0024,6490,85.0,Petit alésage,85.199,84.8,85.2
2025-06-01,S0024,6490,95.0,Alésage moyen,95.071,94.75,95.25
2025-06-01,S0024,6490,105.0,Alésage grand,104.8,104.8,105.2
2025-06-02,S0025,8697,275.0,Rayon extérieur,275.062,274.8,275.1
2025-06-02,S0025,8697,210.0,Rayon intérieur jante,210.133,209.7,210.3
2025-06-02,S0025,8697,320.0,Rayon hors tout,320.098,319.8,320.3
2025-06-02,S0025,8697,40.0,Rayon fond,39.97,39.9,40.1
2025-06-02,S0025,8697,325.81,Diamètre global max,325.361,325.31,326.11
2025-06-02,S0025,8697,275.0,Rayon extérieur (2e mention),275.401,274.4,275.6
2025-06-02,S0025,8697,30.0,Épaisseur patin,29.982,29.6,30.4
2025-06-02,S0025,8697,79.97,Largeur gorge centrale,79.831,79.77,80.17
2025-06-02,S0025,8697,40.0,Rayon fond (2e mention),40.124,39.85,40.15
2025-06-02,S0025,8697,175.0,Hauteur jante,174.877,174.75,175.25
2025-06-02,S0025,8697,145.0,Cercle de perçage,144.93,144.8,145.2
2025-06-02,S0025,8697,4.0,Rayon congé usinage,3.959,3.95,4.05
2025-06-02,S0025,8697,85.0,Petit alésage,84.967,84.8,85.2
2025-06-02,S0025,8697,95.0,Alésage moyen,94.874,94.75,95.25
2025-06-02,S0025,8697,105.0,Alésage grand,105.184,104.8,105.2
2025-06-03,S0026,1641,275.0,Rayon extérieur,275.016,274.8,275.1
2025-06-03,S0026,1641,210.0,Rayon intérieur jante,210.284,209.7,210.3
2025-06-03,S0026,1641,320.0,Rayon hors tout,320.091,319.8,320.3
2025-06-03,S0026,1641,40.0,Rayon fond,40.095,39.9,40.1
2025-06-03,S0026,1641,325.81,Diamètre global max,325.547,325.31,326.11
2025-06-03,S0026,1641,275.0,Rayon extérieur (2e mention),274.476,274.4,275.6
2025-06-03,S0026,1641,30.0,Épaisseur patin,29.682,29.6,30.4
2025-06-03,S0026,1641,79.97,Largeur gorge centrale,80.073,79.77,80.17
2025-06-03,S0026,1641,40.0,Rayon fond (2e mention),40.138,39.85,40.15
2025-06-03,S0026,1641,175.0,Hauteur jante,174.878,174.75,175.25
2025-06-03,S0026,1641,145.0,Cercle de perçage,145.173,144.8,145.2
2025-06-03,S0026,1641,4.0,Rayon congé usinage,4.025,3.95,4.05
2025-06-03,S0026,1641,85.0,Petit alésage,84.858,84.8,85.2
2025-06-03,S0026,1641,95.0,Alésage moyen,94.917,94.75,95.25
2025-06-03,S0026,1641,105.0,Alésage grand,104.981,104.8,105.2
2025-06-04,S0027,2644,275.0,Rayon extérieur,274.905,274.8,275.1
2025-06-04,S0027,2644,210.0,Rayon intérieur jante,209.848,209.7,210.3
2025-06-04,S0027,2644,320.0,Rayon hors tout,320.102,319.8,320.3
2025-06-04,S0027,2644,40.0,Rayon fond,40.029,39.9,40.1
2025-06-04,S0027,2644,325.81,Diamètre global max,325.473,325.31,326.11
2025-06-04,S0027,2644,275.0,Rayon extérieur (2e mention),274.677,274.4,275.6
2025-06-04,S0027,2644,30.0,Épaisseur patin,29.845,29.6,30.4
2025-06-04,S0027,2644,79.97,Largeur gorge centrale,80.031,79.77,80.17
2025-06-04,S0027,2644,40.0,Rayon fond (2e mention),40.095,39.85,40.15
2025-06-04,S0027,2644,175.0,Hauteur jante,175.141,174.75,175.25
2025-06-04,S0027,2644,145.0,Cercle de perçage,145.119,144.8,145.2
2025-06-04,S0027,2644,4.0,Rayon congé usinage,3.974,3.95,4.05
2025-06-04,S0027,2644,85.0,Petit alésage,85.032,84.8,85.2
2025-06-04,S0027,2644,95.0,Alésage moyen,94.863,94.75,95.25
2025-06-04,S0027,2644,105.0,Alésage grand,104.997,104.8,105.2
2025-06-05,S0028,4104,275.0,Rayon extérieur,275.05,274.8,275.1
2025-06-05,S0028,4104,210.0,Rayon intérieur jante,209.955,209.7,210.3
2025-06-05,S0028,4104,320.0,Rayon hors tout,320.091,319.8,320.3
2025-06-05,S0028,4104,40.0,Rayon fond,39.925,39.9,40.1
2025-06-05,S0028,4104,325.81,Diamètre global max,325.483,325.31,326.11
2025-06-05,S0028,4104,275.0,Rayon extérieur (2e mention),274.7,274.4,275.6
2025-06-05,S0028,4104,30.0,Épaisseur patin,29.759,29.6,30.4
2025-06-05,S0028,4104,79.97,Largeur gorge centrale,79.906,79.77,80.17
2025-06-05,S0028,4104,40.0,Rayon fond (2e mention),39.878,39.85,40.15
2025-06-05,S0028,4104,175.0,Hauteur jante,174.919,174.75,175.25
2025-06-05,S0028,4104,145.0,Cercle de perçage,144.993,144.8,145.2
2025-06-05,S0028,4104,4.0,Rayon congé usinage,3.995,3.95,4.05
2025-06-05,S0028,4104,85.0,Petit alésage,84.879,84.8,85.2
2025-06-05,S0028,4104,95.0,Alésage moyen,95.153,94.75,95.25
2025-06-05,S0028,4104,105.0,Alésage grand,105.092,104.8,105.2
2025-06-06,S0029,2226,275.0,Rayon extérieur,274.972,274.8,275.1
2025-06-06,S0029,2226,210.0,Rayon intérieur jante,209.967,209.7,210.3
2025-06-06,S0029,2226,320.0,Rayon hors tout,320.178,319.8,320.3
2025-06-06,S0029,2226,40.0,Rayon fond,39.994,39.9,40.1
2025-06-06,S0029,2226,325.81,Diamètre global max,325.857,325.31,326.11
2025-06-06,S0029,2226,275.0,Rayon extérieur (2e mention),274.821,274.4,275.6
2025-06-06,S0029,2226,30.0,Épaisseur patin,30.117,29.6,30.4
2025-06-06,S0029,2226,79.97,Largeur gorge centrale,79.903,79.77,80.17
2025-06-06,S0029,2226,40.0,Rayon fond (2e mention),39.991,39.85,40.15
2025-06-06,S0029,2226,175.0,Hauteur jante,174.94,174.75,175.25
2025-06-06,S0029,2226,145.0,Cercle de perçage,145.05,144.8,145.2
2025-06-06,S0029,2226,4.0,Rayon congé usinage,4.034,3.95,4.05
2025-06-06,S0029,2226,85.0,Petit alésage,84.864,84.8,85.2
2025-06-06,S0029,2226,95.0,Alésage moyen,95.129,94.75,95.25
2025-06-06,S0029,2226,105.0,Alésage grand,105.099,104.8,105.2
2025-06-07,S0030,3721,275.0,Rayon extérieur,275.014,274.8,275.1
2025-06-07,S0030,3721,210.0,Rayon intérieur jante,209.729,209.7,210.3
2025-06-07,S0030,3721,320.0,Rayon hors tout,319.878,319.8,320.3
2025-06-07,S0030,3721,40.0,Rayon fond,39.999,39.9,40.1
2025-06-07,S0030,3721,325.81,Diamètre global max,325.847,325.31,326.11
2025-06-07,S0030,3721,275.0,Rayon extérieur (2e mention),275.123,274.4,275.6
2025-06-07,S0030,3721,30.0,Épaisseur patin,29.824,29.6,30.4
2025-06-07,S0030,3721,79.97,Largeur gorge centrale,79.821,79.77,80.17
2025-06-07,S0030,3721,40.0,Rayon fond (2e mention),39.958,39.85,40.15
2025-06-07,S0030,3721,175.0,Hauteur jante,175.148,174.75,175.25
2025-06-07,S0030,3721,145.0,Cercle de perçage,145.13,144.8,145.2
2025-06-07,S0030,3721,4.0,Rayon congé usinage,4.004,3.95,4.05
2025-06-07,S0030,3721,85.0,Petit alésage,84.949,84.8,85.2
2025-06-07,S0030,3721,95.0,Alésage moyen,95.237,94.75,95.25
2025-06-07,S0030,3721,105.0,Alésage grand,105.104,104.8,105.2
2025-06-08,S0031,3526,275.0,Rayon extérieur,274.909,274.8,275.1
2025-06-08,S0031,3526,210.0,Rayon intérieur jante,210.115,209.7,210.3
2025-06-08,S0031,3526,320.0,Rayon hors tout,320.225,319.8,320.3
2025-06-08,S0031,3526,40.0,Rayon fond,40.022,39.9,40.1
2025-06-08,S0031,3526,325.81,Diamètre global max,325.561,325.31,326.11
2025-06-08,S0031,3526,275.0,Rayon extérieur (2e mention),275.098,274.4,275.6
2025-06-08,S0031,3526,30.0,Épaisseur patin,30.075,29.6,30.4
2025-06-08,S0031,3526,79.97,Largeur gorge centrale,79.955,79.77,80.17
2025-06-08,S0031,3526,40.0,Rayon fond (2e mention),39.918,39.85,40.15
2025-06-08,S0031,3526,175.0,Hauteur jante,175.106,174.75,175.25
2025-06-08,S0031,3526,145.0,Cercle de perçage,144.975,144.8,145.2
2025-06-08,S0031,3526,4.0,Rayon congé usinage,4.023,3.95,4.05
2025-06-08,S0031,3526,85.0,Petit alésage,85.153,84.8,85.2
2025-06-08,S0031,3526,95.0,Alésage moyen,94.779,94.75,95.25
2025-06-08,S0031,3526,105.0,Alésage grand,104.939,104.8,105.2
2025-06-09,S0032,6371,275.0,Rayon extérieur,274.88,274.8,275.1
2025-06-09,S0032,6371,210.0,Rayon intérieur jante,210.286,209.7,210.3
2025-06-09,S0032,6371,320.0,Rayon hors tout,319.888,319.8,320.3
2025-06-09,S0032,6371,40.0,Rayon fond,39.934,39.9,40.1
2025-06-09,S0032,6371,325.81,Diamètre global max,325.833,325.31,326.11
2025-06-09,S0032,6371,275.0,Rayon extérieur (2e mention),275.008,274.4,275.6
2025-06-09,S0032,6371,30.0,Épaisseur patin,29.643,29.6,30.4
2025-06-09,S0032,6371,79.97,Largeur gorge centrale,80.074,79.77,80.17
2025-06-09,S0032,6371,40.0,Rayon fond (2e mention),39.973,39.85,40.15
2025-06-09,S0032,6371,175.0,Hauteur jante,174.859,174.75,175.25
2025-06-09,S0032,6371,145.0,Cercle de perçage,144.989,144.8,145.2
2025-06-09,S0032,6371,4.0,Rayon congé usinage,3.98,3.95,4.05
2025-06-09,S0032,6371,85.0,Petit alésage,84.969,84.8,85.2
2025-06-09,S0032,6371,95.0,Alésage moyen,94.99,94.75,95.25
2025-06-09,S0032,6371,105.0,Alésage grand,105.061,104.8,105.2
2025-06-10,S0033,1553,275.0,Rayon extérieur,274.812,274.8,275.1
2025-06-10,S0033,1553,210.0,Rayon intérieur jante,210.072,209.7,210.3
2025-06-10,S0033,1553,320.0,Rayon hors tout,320.09,319.8,320.3
2025-06-10,S0033,1553,40.0,Rayon fond,39.988,39.9,40.1
2025-06-10,S0033,1553,325.81,Diamètre global max,325.981,325.31,326.11
2025-06-10,S0033,1553,275.0,Rayon extérieur (2e mention),275.535,274.4,275.6
2025-06-10,S0033,1553,30.0,Épaisseur patin,29.95,29.6,30.4
2025-06-10,S0033,1553,79.97,Largeur gorge centrale,80.13,79.77,80.17
2025-06-10,S0033,1553,40.0,Rayon fond (2e mention),40.088,39.85,40.15
2025-06-10,S0033,1553,175.0,Hauteur jante,175.149,174.75,175.25
2025-06-10,S0033,1553,145.0,Cercle de perçage,145.167,144.8,145.2
2025-06-10,S0033,1553,4.0,Rayon congé usinage,3.951,3.95,4.05
2025-06-10,S0033,1553,85.0,Petit alésage,84.84,84.8,85.2
2025-06-10,S0033,1553,95.0,Alésage moyen,94.916,94.75,95.25
2025-06-10,S0033,1553,105.0,Alésage grand,105.085,104.8,105.2
2025-06-11,S0034,3705,275.0,Rayon extérieur,275.063,274.8,275.1
2025-06-11,S0034,3705,210.0,Rayon intérieur jante,210.063,209.7,210.3
2025-06-11,S0034,3705,320.0,Rayon hors tout,320.216,319.8,320.3
2025-06-11,S0034,3705,40.0,Rayon fond,39.974,39.9,40.1
2025-06-11,S0034,3705,325.81,Diamètre global max,325.729,325.31,326.11
2025-06-11,S0034,3705,275.0,Rayon extérieur (2e mention),275.085,274.4,275.6
2025-06-11,S0034,3705,30.0,Épaisseur patin,30.229,29.6,30.4
2025-06-11,S0034,3705,79.97,Largeur gorge centrale,80.006,79.77,80.17
2025-06-11,S0034,3705,40.0,Rayon fond (2e mention),39.932,39.85,40.15
2025-06-11,S0034,3705,175.0,Hauteur jante,175.164,174.75,175.25
2025-06-11,S0034,3705,145.0,Cercle de perçage,145.086,144.8,145.2
2025-06-11,S0034,3705,4.0,Rayon congé usinage,3.964,3.95,4.05
2025-06-11,S0034,3705,85.0,Petit alésage,85.066,84.8,85.2
2025-06-11,S0034,3705,95.0,Alésage moyen,95.081,94.75,95.25
2025-06-11,S0034,3705,105.0,Alésage grand,105.191,104.8,105.2
2025-06-12,S0035,3053,275.0,Rayon extérieur,275.043,274.8,275.1
2025-06-12,S0035,3053,210.0,Rayon intérieur jante,209.879,209.7,210.3
2025-06-12,S0035,3053,320.0,Rayon hors tout,319.838,319.8,320.3
2025-06-12,S0035,3053,40.0,Rayon fond,39.906,39.9,40.1
2025-06-12,S0035,3053,325.81,Diamètre global max,325.85,325.31,326.11
2025-06-12,S0035,3053,275.0,Rayon extérieur (2e mention),275.21,274.4,275.6
2025-06-12,S0035,3053,30.0,Épaisseur patin,29.793,29.6,30.4
2025-06-12,S0035,3053,79.97,Largeur gorge centrale,79.872,79.77,80.17
2025-06-12,S0035,3053,40.0,Rayon fond (2e mention),39.911,39.85,40.15
2025-06-12,S0035,3053,175.0,Hauteur jante,175.196,174.75,175.25
2025-06-12,S0035,3053,145.0,Cercle de perçage,144.823,144.8,145.2
2025-06-12,S0035,3053,4.0,Rayon congé usinage,3.971,3.95,4.05
2025-06-12,S0035,3053,85.0,Petit alésage,84.857,84.8,85.2
2025-06-12,S0035,3053,95.0,Alésage moyen,94.933,94.75,95.25
2025-06-12,S0035,3053,105.0,Alésage grand,105.117,104.8,105.2
2025-06-13,S0036,2284,275.0,Rayon extérieur,274.973,274.8,275.1
2025-06-13,S0036,2284,210.0,Rayon intérieur jante,209.99,209.7,210.3
2025-06-13,S0036,2284,320.0,Rayon hors tout,320.146,319.8,320.3
2025-06-13,S0036,2284,40.0,Rayon fond,39.93,39.9,40.1
2025-06-13,S0036,2284,325.81,Diamètre global max,326.074,325.31,326.11
2025-06-13,S0036,2284,275.0,Rayon extérieur (2e mention),275.478,274.4,275.6
2025-06-13,S0036,2284,30.0,Épaisseur patin,30.074,29.6,30.4
2025-06-13,S0036,2284,79.97,Largeur gorge centrale,79.853,79.77,80.17
2025-06-13,S0036,2284,40.0,Rayon fond (2e mention),39.902,39.85,40.15
2025-06-13,S0036,2284,175.0,Hauteur jante,175.081,174.75,175.25
2025-06-13,S0036,2284,145.0,Cercle de perçage,145.08,144.8,145.2
2025-06-13,S0036,2284,4.0,Rayon congé usinage,4.048,3.95,4.05
2025-06-13,S0036,2284,85.0,Petit alésage,85.194,84.8,85.2
2025-06-13,S0036,2284,95.0,Alésage moyen,94.889,94.75,95.25
2025-06-13,S0036,2284,105.0,Alésage grand,105.067,104.8,105.2
2025-06-14,S0037,1952,275.0,Rayon extérieur,274.847,274.8,275.1
2025-06-14,S0037,1952,210.0,Rayon intérieur jante,209.968,209.7,210.3
2025-06-14,S0037,1952,320.0,Rayon hors tout,320.064,319.8,320.3
2025-06-14,S0037,1952,40.0,Rayon fond,39.958,39.9,40.1
2025-06-14,S0037,1952,325.81,Diamètre global max,325.641,325.31,326.11
2025-06-14,S0037,1952,275.0,Rayon extérieur (2e mention),275.077,274.4,275.6
2025-06-14,S0037,1952,30.0,Épaisseur patin,30.044,29.6,30.4
2025-06-14,S0037,1952,79.97,Largeur gorge centrale,80.066,79.77,80.17
2025-06-14,S0037,1952,40.0,Rayon fond (2e mention),40.085,39.85,40.15
2025-06-14,S0037,1952,175.0,Hauteur jante,175.062,174.75,175.25
2025-06-14,S0037,1952,145.0,Cercle de perçage,145.185,144.8,145.2
2025-06-14,S0037,1952,4.0,Rayon congé usinage,3.964,3.95,4.05
2025-06-14,S0037,1952,85.0,Petit alésage,84.881,84.8,85.2
2025-06-14,S0037,1952,95.0,Alésage moyen,95.139,94.75,95.25
2025-06-14,S0037,1952,105.0,Alésage grand,104.873,104.8,105.2
2025-06-15,S0038,3940,275.0,Rayon extérieur,275.037,274.8,275.1
2025-06-15,S0038,3940,210.0,Rayon intérieur jante,209.98,209.7,210.3
2025-06-15,S0038,3940,320.0,Rayon hors tout,320.231,319.8,320.3
2025-06-15,S0038,3940,40.0,Rayon fond,39.919,39.9,40.1
2025-06-15,S0038,3940,325.81,Diamètre global max,325.38,325.31,326.11
2025-06-15,S0038,3940,275.0,Rayon extérieur (2e mention),274.81,274.4,275.6
2025-06-15,S0038,3940,30.0,Épaisseur patin,29.663,29.6,30.4
2025-06-15,S0038,3940,79.97,Largeur gorge centrale,79.962,79.77,80.17
2025-06-15,S0038,3940,40.0,Rayon fond (2e mention),40.083,39.85,40.15
2025-06-15,S0038,3940,175.0,Hauteur jante,175.167,174.75,175.25
2025-06-15,S0038,3940,145.0,Cercle de perçage,144.88,144.8,145.2
2025-06-15,S0038,3940,4.0,Rayon congé usinage,4.012,3.95,4.05
2025-06-15,S0038,3940,85.0,Petit alésage,85.026,84.8,85.2
2025-06-15,S0038,3940,95.0,Alésage moyen,94.807,94.75,95.25
2025-06-15,S0038,3940,105.0,Alésage grand,105.08,104.8,105.2
2025-06-16,S0039,5831,275.0,Rayon extérieur,274.817,274.8,275.1
2025-06-16,S0039,5831,210.0,Rayon intérieur jante,209.981,209.7,210.3
2025-06-16,S0039,5831,320.0,Rayon hors tout,320.123,319.8,320.3
2025-06-16,S0039,5831,40.0,Rayon fond,39.979,39.9,40.1
2025-06-16,S0039,5831,325.81,Diamètre global max,326.046,325.31,326.11
2025-06-16,S0039,5831,275.0,Rayon extérieur (2e mention),274.882,274.4,275.6
2025-06-16,S0039,5831,30.0,Épaisseur patin,30.351,29.6,30.4
2025-06-16,S0039,5831,79.97,Largeur gorge centrale,79.846,79.77,80.17
2025-06-16,S0039,5831,40.0,Rayon fond (2e mention),40.086,39.85,40.15
2025-06-16,S0039,5831,175.0,Hauteur jante,174.965,174.75,175.25
2025-06-16,S0039,5831,145.0,Cercle de perçage,145.109,144.8,145.2
2025-06-16,S0039,5831,4.0,Rayon congé usinage,3.977,3.95,4.05
2025-06-16,S0039,5831,85.0,Petit alésage,85.149,84.8,85.2
2025-06-16,S0039,5831,95.0,Alésage moyen,95.174,94.75,95.25
2025-06-16,S0039,5831,105.0,Alésage grand,104.895,104.8,105.2
2025-06-17,S0040,9781,275.0,Rayon extérieur,274.997,274.8,275.1
2025-06-17,S0040,9781,210.0,Rayon intérieur jante,210.209,209.7,210.3
2025-06-17,S0040,9781,320.0,Rayon hors tout,319.998,319.8,320.3
2025-06-17,S0040,9781,40.0,Rayon fond,39.914,39.9,40.1
2025-06-17,S0040,9781,325.81,Diamètre global max,325.79,325.31,326.11
2025-06-17,S0040,9781,275.0,Rayon extérieur (2e mention),275.348,274.4,275.6
2025-06-17,S0040,9781,30.0,Épaisseur patin,30.109,29.6,30.4
2025-06-17,S0040,9781,79.97,Largeur gorge centrale,79.91,79.77,80.17
2025-06-17,S0040,9781,40.0,Rayon fond (2e mention),39.967,39.85,40.15
2025-06-17,S0040,9781,175.0,Hauteur jante,174.948,174.75,175.25
2025-06-17,S0040,9781,145.0,Cercle de perçage,144.972,144.8,145.2
2025-06-17,S0040,9781,4.0,Rayon congé usinage,3.989,3.95,4.05
2025-06-17,S0040,9781,85.0,Petit alésage,85.104,84.8,85.2
2025-06-17,S0040,9781,95.0,Alésage moyen,95.019,94.75,95.25
2025-06-17,S0040,9781,105.0,Alésage grand,104.859,104.8,105.2
2025-06-18,S0041,4264,275.0,Rayon extérieur,274.999,274.8,275.1
2025-06-18,S0041,4264,210.0,Rayon intérieur jante,209.742,209.7,210.3
2025-06-18,S0041,4264,320.0,Rayon hors tout,320.201,319.8,320.3
2025-06-18,S0041,4264,40.0,Rayon fond,40.073,39.9,40.1
2025-06-18,S0041,4264,325.81,Diamètre global max,325.605,325.31,326.11
2025-06-18,S0041,4264,275.0,Rayon extérieur (2e mention),274.468,274.4,275.6
2025-06-18,S0041,4264,30.0,Épaisseur patin,29.999,29.6,30.4
2025-06-18,S0041,4264,79.97,Largeur gorge centrale,80.094,79.77,80.17
2025-06-18,S0041,4264,40.0,Rayon fond (2e mention),40.016,39.85,40.15
2025-06-18,S0041,4264,175.0,Hauteur jante,174.781,174.75,175.25
2025-06-18,S0041,4264,145.0,Cercle de perçage,145.02,144.8,145.2
2025-06-18,S0041,4264,4.0,Rayon congé usinage,3.986,3.95,4.05
2025-06-18,S0041,4264,85.0,Petit alésage,85.089,84.8,85.2
2025-06-18,S0041,4264,95.0,Alésage moyen,94.929,94.75,95.25
2025-06-18,S0041,4264,105.0,Alésage grand,105.081,104.8,105.2
2025-06-19,S0042,8344,275.0,Rayon extérieur,274.818,274.8,275.1
2025-06-19,S0042,8344,210.0,Rayon intérieur jante,210.212,209.7,210.3
2025-06-19,S0042,8344,320.0,Rayon hors tout,319.859,319.8,320.3
2025-06-19,S0042,8344,40.0,Rayon fond,39.929,39.9,40.1
2025-06-19,S0042,8344,325.81,Diamètre global max,325.464,325.31,326.11
2025-06-19,S0042,8344,275.0,Rayon extérieur (2e mention),274.99,274.4,275.6
2025-06-19,S0042,8344,30.0,Épaisseur patin,30.183,29.6,30.4
2025-06-19,S0042,8344,79.97,Largeur gorge centrale,79.81,79.77,80.17
2025-06-19,S0042,8344,40.0,Rayon fond (2e mention),40.033,39.85,40.15
2025-06-19,S0042,8344,175.0,Hauteur jante,174.99,174.75,175.25
2025-06-19,S0042,8344,145.0,Cercle de perçage,145.055,144.8,145.2
2025-06-19,S0042,8344,4.0,Rayon congé usinage,3.957,3.95,4.05
2025-06-19,S0042,8344,85.0,Petit alésage,85.058,84.8,85.2
2025-06-19,S0042,8344,95.0,Alésage moyen,94.87,94.75,95.25
2025-06-19,S0042,8344,105.0,Alésage grand,104.937,104.8,105.2
2025-06-20,S0043,1651,275.0,Rayon extérieur,274.817,274.8,275.1
2025-06-20,S0043,1651,210.0,Rayon intérieur jante,209.785,209.7,210.3
2025-06-20,S0043,1651,320.0,Rayon hors tout,320.097,319.8,320.3
2025-06-20,S0043,1651,40.0,Rayon fond,39.928,39.9,40.1
2025-06-20,S0043,1651,325.81,Diamètre global max,325.542,325.31,326.11
2025-06-20,S0043,1651,275.0,Rayon extérieur (2e mention),275.024,274.4,275.6
2025-06-20,S0043,1651,30.0,Épaisseur patin,30.121,29.6,30.4
2025-06-20,S0043,1651,79.97,Largeur gorge centrale,79.989,79.77,80.17
2025-06-20,S0043,1651,40.0,Rayon fond (2e mention),39.871,39.85,40.15
2025-06-20,S0043,1651,175.0,Hauteur jante,175.227,174.75,175.25
2025-06-20,S0043,1651,145.0,Cercle de perçage,144.878,144.8,145.2
2025-06-20,S0043,1651,4.0,Rayon congé usinage,4.005,3.95,4.05
2025-06-20,S0043,1651,85.0,Petit alésage,85.083,84.8,85.2
2025-06-20,S0043,1651,95.0,Alésage moyen,95.023,94.75,95.25
2025-06-20,S0043,1651,105.0,Alésage grand,104.957,104.8,105.2
2025-06-21,S0044,9900,275.0,Rayon extérieur,275.08,274.8,275.1
2025-06-21,S0044,9900,210.0,Rayon intérieur jante,209.764,209.7,210.3
2025-06-21,S0044,9900,320.0,Rayon hors tout,319.974,319.8,320.3
2025-06-21,S0044,9900,40.0,Rayon fond,40.018,39.9,40.1
2025-06-21,S0044,9900,325.81,Diamètre global max,325.37,325.31,326.11
2025-06-21,S0044,9900,275.0,Rayon extérieur (2e mention),274.6,274.4,275.6
2025-06-21,S0044,9900,30.0,Épaisseur patin,29.715,29.6,30.4
2025-06-21,S0044,9900,79.97,Largeur gorge centrale,80.058,79.77,80.17
2025-06-21,S0044,9900,40.0,Rayon fond (2e mention),39.968,39.85,40.15
2025-06-21,S0044,9900,175.0,Hauteur jante,175.042,174.75,175.25
2025-06-21,S0044,9900,145.0,Cercle de perçage,144.875,144.8,145.2
2025-06-21,S0044,9900,4.0,Rayon congé usinage,4.035,3.95,4.05
2025-06-21,S0044,9900,85.0,Petit alésage,84.824,84.8,85.2
2025-06-21,S0044,9900,95.0,Alésage moyen,95.15,94.75,95.25
2025-06-21,S0044,9900,105.0,Alésage grand,104.924,104.8,105.2
2025-06-22,S0045,1762,275.0,Rayon extérieur,274.93,274.8,275.1
2025-06-22,S0045,1762,210.0,Rayon intérieur jante,209.845,209.7,210.3
2025-06-22,S0045,1762,320.0,Rayon hors tout,319.926,319.8,320.3
2025-06-22,S0045,1762,40.0,Rayon fond,40.021,39.9,40.1
2025-06-22,S0045,1762,325.81,Diamètre global max,325.571,325.31,326.11
2025-06-22,S0045,1762,275.0,Rayon extérieur (2e mention),274.898,274.4,275.6
2025-06-22,S0045,1762,30.0,Épaisseur patin,30.28,29.6,30.4
2025-06-22,S0045,1762,79.97,Largeur gorge centrale,79.995,79.77,80.17
2025-06-22,S0045,1762,40.0,Rayon fond (2e mention),39.898,39.85,40.15
2025-06-22,S0045,1762,175.0,Hauteur jante,175.02,174.75,175.25
2025-06-22,S0045,1762,145.0,Cercle de perçage,145.043,144.8,145.2
2025-06-22,S0045,1762,4.0,Rayon congé usinage,3.954,3.95,4.05
2025-06-22,S0045,1762,85.0,Petit alésage,85.183,84.8,85.2
2025-06-22,S0045,1762,95.0,Alésage moyen,95.178,94.75,95.25
2025-06-22,S0045,1762,105.0,Alésage grand,105.183,104.8,105.2
2025-06-23,S0046,7712,275.0,Rayon extérieur,274.973,274.8,275.1
2025-06-23,S0046,7712,210.0,Rayon intérieur jante,209.722,209.7,210.3
2025-06-23,S0046,7712,320.0,Rayon hors tout,320.163,319.8,320.3
2025-06-23,S0046,7712,40.0,Rayon fond,40.039,39.9,40.1
2025-06-23,S0046,7712,325.81,Diamètre global max,325.569,325.31,326.11
2025-06-23,S0046,7712,275.0,Rayon extérieur (2e mention),274.714,274.4,275.6
2025-06-23,S0046,7712,30.0,Épaisseur patin,30.097,29.6,30.4
2025-06-23,S0046,7712,79.97,Largeur gorge centrale,79.988,79.77,80.17
2025-06-23,S0046,7712,40.0,Rayon fond (2e mention),39.993,39.85,40.15
2025-06-23,S0046,7712,175.0,Hauteur jante,175.146,174.75,175.25
2025-06-23,S0046,7712,145.0,Cercle de perçage,145.006,144.8,145.2
2025-06-23,S0046,7712,4.0,Rayon congé usinage,4.043,3.95,4.05
2025-06-23,S0046,7712,85.0,Petit alésage,85.13,84.8,85.2
2025-06-23,S0046,7712,95.0,Alésage moyen,95.239,94.75,95.25
2025-06-23,S0046,7712,105.0,Alésage grand,104.993,104.8,105.2
2025-06-24,S0047,7229,275.0,Rayon extérieur,274.983,274.8,275.1
2025-06-24,S0047,7229,210.0,Rayon intérieur jante,210.152,209.7,210.3
2025-06-24,S0047,7229,320.0,Rayon hors tout,320.095,319.8,320.3
2025-06-24,S0047,7229,40.0,Rayon fond,40.032,39.9,40.1
2025-06-24,S0047,7229,325.81,Diamètre global max,325.356,325.31,326.11
2025-06-24,S0047,7229,275.0,Rayon extérieur (2e mention),275.381,274.4,275.6
2025-06-24,S0047,7229,30.0,Épaisseur patin,29.919,29.6,30.4
2025-06-24,S0047,7229,79.97,Largeur gorge centrale,79.957,79.77,80.17
2025-06-24,S0047,7229,40.0,Rayon fond (2e mention),40.004,39.85,40.15
2025-06-24,S0047,7229,175.0,Hauteur jante,174.945,174.75,175.25
2025-06-24,S0047,7229,145.0,Cercle de perçage,145.062,144.8,145.2
2025-06-24,S0047,7229,4.0,Rayon congé usinage,4.006,3.95,4.05
2025-06-24,S0047,7229,85.0,Petit alésage,85.005,84.8,85.2
2025-06-24,S0047,7229,95.0,Alésage moyen,95.009,94.75,95.25
2025-06-24,S0047,7229,105.0,Alésage grand,104.848,104.8,105.2
2025-06-25,S0048,3740,275.0,Rayon extérieur,274.857,274.8,275.1
2025-06-25,S0048,3740,210.0,Rayon intérieur jante,209.996,209.7,210.3
2025-06-25,S0048,3740,320.0,Rayon hors tout,320.211,319.8,320.3
2025-06-25,S0048,3740,40.0,Rayon fond,39.905,39.9,40.1
2025-06-25,S0048,3740,325.81,Diamètre global max,325.743,325.31,326.11
2025-06-25,S0048,3740,275.0,Rayon extérieur (2e mention),275.483,274.4,275.6
2025-06-25,S0048,3740,30.0,Épaisseur patin,30.13,29.6,30.4
2025-06-25,S0048,3740,79.97,Largeur gorge centrale,80.072,79.77,80.17
2025-06-25,S0048,3740,40.0,Rayon fond (2e mention),39.939,39.85,40.15
2025-06-25,S0048,3740,175.0,Hauteur jante,175.228,174.75,175.25
2025-06-25,S0048,3740,145.0,Cercle de perçage,145.133,144.8,145.2
2025-06-25,S0048,3740,4.0,Rayon congé usinage,3.964,3.95,4.05
2025-06-25,S0048,3740,85.0,Petit alésage,85.046,84.8,85.2
2025-06-25,S0048,3740,95.0,Alésage moyen,95.166,94.75,95.25
2025-06-25,S0048,3740,105.0,Alésage grand,104.911,104.8,105.2
2025-06-26,S0049,2347,275.0,Rayon extérieur,274.834,274.8,275.1
2025-06-26,S0049,2347,210.0,Rayon intérieur jante,210.223,209.7,210.3
2025-06-26,S0049,2347,320.0,Rayon hors tout,319.994,319.8,320.3
2025-06-26,S0049,2347,40.0,Rayon fond,40.001,39.9,40.1
2025-06-26,S0049,2347,325.81,Diamètre global max,325.353,325.31,326.11
2025-06-26,S0049,2347,275.0,Rayon extérieur (2e mention),274.91,274.4,275.6
2025-06-26,S0049,2347,30.0,Épaisseur patin,29.836,29.6,30.4
2025-06-26,S0049,2347,79.97,Largeur gorge centrale,79.91,79.77,80.17
2025-06-26,S0049,2347,40.0,Rayon fond (2e mention),40.008,39.85,40.15
2025-06-26,S0049,2347,175.0,Hauteur jante,174.755,174.75,175.25
2025-06-26,S0049,2347,145.0,Cercle de perçage,144.824,144.8,145.2
2025-06-26,S0049,2347,4.0,Rayon congé usinage,3.987,3.95,4.05
2025-06-26,S0049,2347,85.0,Petit alésage,84.852,84.8,85.2
2025-06-26,S0049,2347,95.0,Alésage moyen,94.855,94.75,95.25
2025-06-26,S0049,2347,105.0,Alésage grand,105.156,104.8,105.2
2025-06-27,S0050,9938,275.0,Rayon extérieur,275.073,274.8,275.1
2025-06-27,S0050,9938,210.0,Rayon intérieur jante,210.276,209.7,210.3
2025-06-27,S0050,9938,320.0,Rayon hors tout,320.013,319.8,320.3
2025-06-27,S0050,9938,40.0,Rayon fond,40.064,39.9,40.1
2025-06-27,S0050,9938,325.81,Diamètre global max,325.943,325.31,326.11
2025-06-27,S0050,9938,275.0,Rayon extérieur (2e mention),275.573,274.4,275.6
2025-06-27,S0050,9938,30.0,Épaisseur patin,30.345,29.6,30.4
2025-06-27,S0050,9938,79.97,Largeur gorge centrale,79.86,79.77,80.17
2025-06-27,S0050,9938,40.0,Rayon fond (2e mention),39.904,39.85,40.15
2025-06-27,S0050,9938,175.0,Hauteur jante,174.825,174.75,175.25
2025-06-27,S0050,9938,145.0,Cercle de perçage,144.951,144.8,145.2
2025-06-27,S0050,9938,4.0,Rayon congé usinage,3.996,3.95,4.05
2025-06-27,S0050,9938,85.0,Petit alésage,84.966,84.8,85.2
2025-06-27,S0050,9938,95.0,Alésage moyen,94.795,94.75,95.25
2025-06-27,S0050,9938,105.0,Alésage grand,104.935,104.8,105.2
2025-06-28,S0051,4329,275.0,Rayon extérieur,275.057,274.8,275.1
2025-06-28,S0051,4329,210.0,Rayon intérieur jante,210.255,209.7,210.3
2025-06-28,S0051,4329,320.0,Rayon hors tout,319.895,319.8,320.3
2025-06-28,S0051,4329,40.0,Rayon fond,40.059,39.9,40.1
2025-06-28,S0051,4329,325.81,Diamètre global max,325.489,325.31,326.11
2025-06-28,S0051,4329,275.0,Rayon extérieur (2e mention),274.469,274.4,275.6
2025-06-28,S0051,4329,30.0,Épaisseur patin,30.296,29.6,30.4
2025-06-28,S0051,4329,79.97,Largeur gorge centrale,80.145,79.77,80.17
2025-06-28,S0051,4329,40.0,Rayon fond (2e mention),40.024,39.85,40.15
2025-06-28,S0051,4329,175.0,Hauteur jante,174.824,174.75,175.25
2025-06-28,S0051,4329,145.0,Cercle de perçage,145.066,144.8,145.2
2025-06-28,S0051,4329,4.0,Rayon congé usinage,3.982,3.95,4.05
2025-06-28,S0051,4329,85.0,Petit alésage,84.808,84.8,85.2
2025-06-28,S0051,4329,95.0,Alésage moyen,94.865,94.75,95.25
2025-06-28,S0051,4329,105.0,Alésage grand,105.094,104.8,105.2
2025-06-29,S0052,2300,275.0,Rayon extérieur,274.943,274.8,275.1
2025-06-29,S0052,2300,210.0,Rayon intérieur jante,210.221,209.7,210.3
2025-06-29,S0052,2300,320.0,Rayon hors tout,319.997,319.8,320.3
2025-06-29,S0052,2300,40.0,Rayon fond,39.919,39.9,40.1
2025-06-29,S0052,2300,325.81,Diamètre global max,325.614,325.31,326.11
2025-06-29,S0052,2300,275.0,Rayon extérieur (2e mention),275.467,274.4,275.6
2025-06-29,S0052,2300,30.0,Épaisseur patin,29.641,29.6,30.4
2025-06-29,S0052,2300,79.97,Largeur gorge centrale,79.83,79.77,80.17
2025-06-29,S0052,2300,40.0,Rayon fond (2e mention),40.066,39.85,40.15
2025-06-29,S0052,2300,175.0,Hauteur jante,175.179,174.75,175.25
2025-06-29,S0052,2300,145.0,Cercle de perçage,145.152,144.8,145.2
2025-06-29,S0052,2300,4.0,Rayon congé usinage,4.023,3.95,4.05
2025-06-29,S0052,2300,85.0,Petit alésage,85.19,84.8,85.2
2025-06-29,S0052,2300,95.0,Alésage moyen,95.016,94.75,95.25
2025-06-29,S0052,2300,105.0,Alésage grand,104.823,104.8,105.2
2025-06-30,S0053,5255,275.0,Rayon extérieur,274.833,274.8,275.1
2025-06-30,S0053,5255,210.0,Rayon intérieur jante,210.211,209.7,210.3
2025-06-30,S0053,5255,320.0,Rayon hors tout,320.153,319.8,320.3
2025-06-30,S0053,5255,40.0,Rayon fond,40.051,39.9,40.1
2025-06-30,S0053,5255,325.81,Diamètre global max,325.831,325.31,326.11
2025-06-30,S0053,5255,275.0,Rayon extérieur (2e mention),275.098,274.4,275.6
2025-06-30,S0053,5255,30.0,Épaisseur patin,29.867,29.6,30.4
2025-06-30,S0053,5255,79.97,Largeur gorge centrale,80.124,79.77,80.17
2025-06-30,S0053,5255,40.0,Rayon fond (2e mention),39.859,39.85,40.15
2025-06-30,S0053,5255,175.0,Hauteur jante,174.905,174.75,175.25
2025-06-30,S0053,5255,145.0,Cercle de perçage,145.039,144.8,145.2
2025-06-30,S0053,5255,4.0,Rayon congé usinage,4.008,3.95,4.05
2025-06-30,S0053,5255,85.0,Petit alésage,84.85,84.8,85.2
2025-06-30,S0053,5255,95.0,Alésage moyen,94.92,94.75,95.25
2025-06-30,S0053,5255,105.0,Alésage grand,105.026,104.8,105.2
2025-07-01,S0054,3359,275.0,Rayon extérieur,275.094,274.8,275.1
2025-07-01,S0054,3359,210.0,Rayon intérieur jante,210.122,209.7,210.3
2025-07-01,S0054,3359,320.0,Rayon hors tout,320.15,319.8,320.3
2025-07-01,S0054,3359,40.0,Rayon fond,40.08,39.9,40.1
2025-07-01,S0054,3359,325.81,Diamètre global max,325.96,325.31,326.11
2025-07-01,S0054,3359,275.0,Rayon extérieur (2e mention),274.472,274.4,275.6
2025-07-01,S0054,3359,30.0,Épaisseur patin,29.798,29.6,30.4
2025-07-01,S0054,3359,79.97,Largeur gorge centrale,80.017,79.77,80.17
2025-07-01,S0054,3359,40.0,Rayon fond (2e mention),40.125,39.85,40.15
2025-07-01,S0054,3359,175.0,Hauteur jante,174.84,174.75,175.25
2025-07-01,S0054,3359,145.0,Cercle de perçage,144.97,144.8,145.2
2025-07-01,S0054,3359,4.0,Rayon congé usinage,4.006,3.95,4.05
2025-07-01,S0054,3359,85.0,Petit alésage,85.108,84.8,85.2
2025-07-01,S0054,3359,95.0,Alésage moyen,95.139,94.75,95.25
2025-07-01,S0054,3359,105.0,Alésage grand,105.013,104.8,105.2
2025-07-02,S0055,9415,275.0,Rayon extérieur,274.983,274.8,275.1
2025-07-02,S0055,9415,210.0,Rayon intérieur jante,209.73,209.7,210.3
2025-07-02,S0055,9415,320.0,Rayon hors tout,320.184,319.8,320.3
2025-07-02,S0055,9415,40.0,Rayon fond,39.917,39.9,40.1
2025-07-02,S0055,9415,325.81,Diamètre global max,325.495,325.31,326.11
2025-07-02,S0055,9415,275.0,Rayon extérieur (2e mention),275.227,274.4,275.6
2025-07-02,S0055,9415,30.0,Épaisseur patin,30.151,29.6,30.4
2025-07-02,S0055,9415,79.97,Largeur gorge centrale,79.794,79.77,80.17
2025-07-02,S0055,9415,40.0,Rayon fond (2e mention),40.127,39.85,40.15
2025-07-02,S0055,9415,175.0,Hauteur jante,174.753,174.75,175.25
2025-07-02,S0055,9415,145.0,Cercle de perçage,144.822,144.8,145.2
2025-07-02,S0055,9415,4.0,Rayon congé usinage,3.963,3.95,4.05
2025-07-02,S0055,9415,85.0,Petit alésage,85.143,84.8,85.2
2025-07-02,S0055,9415,95.0,Alésage moyen,95.093,94.75,95.25
2025-07-02,S0055,9415,105.0,Alésage grand,105.022,104.8,105.2
2025-07-03,S0056,6548,275.0,Rayon extérieur,275.0,274.8,275.1
2025-07-03,S0056,6548,210.0,Rayon intérieur jante,210.141,209.7,210.3
2025-07-03,S0056,6548,320.0,Rayon hors tout,319.804,319.8,320.3
2025-07-03,S0056,6548,40.0,Rayon fond,39.947,39.9,40.1
2025-07-03,S0056,6548,325.81,Diamètre global max,326.091,325.31,326.11
2025-07-03,S0056,6548,275.0,Rayon extérieur (2e mention),274.723,274.4,275.6
2025-07-03,S0056,6548,30.0,Épaisseur patin,29.624,29.6,30.4
2025-07-03,S0056,6548,79.97,Largeur gorge centrale,79.879,79.77,80.17
2025-07-03,S0056,6548,40.0,Rayon fond (2e mention),39.863,39.85,40.15
2025-07-03,S0056,6548,175.0,Hauteur jante,174.951,174.75,175.25
2025-07-03,S0056,6548,145.0,Cercle de perçage,144.926,144.8,145.2
2025-07-03,S0056,6548,4.0,Rayon congé usinage,4.029,3.95,4.05
2025-07-03,S0056,6548,85.0,Petit alésage,85.034,84.8,85.2
2025-07-03,S0056,6548,95.0,Alésage moyen,95.177,94.75,95.25
2025-07-03,S0056,6548,105.0,Alésage grand,104.839,104.8,105.2
2025-07-04,S0057,2429,275.0,Rayon extérieur,275.081,274.8,275.1
2025-07-04,S0057,2429,210.0,Rayon intérieur jante,209.974,209.7,210.3
2025-07-04,S0057,2429,320.0,Rayon hors tout,320.142,319.8,320.3
2025-07-04,S0057,2429,40.0,Rayon fond,40.077,39.9,40.1
2025-07-04,S0057,2429,325.81,Diamètre global max,325.698,325.31,326.11
2025-07-04,S0057,2429,275.0,Rayon extérieur (2e mention),275.401,274.4,275.6
2025-07-04,S0057,2429,30.0,Épaisseur patin,30.003,29.6,30.4
2025-07-04,S0057,2429,79.97,Largeur gorge centrale,80.035,79.77,80.17
2025-07-04,S0057,2429,40.0,Rayon fond (2e mention),40.115,39.85,40.15
2025-07-04,S0057,2429,175.0,Hauteur jante,175.096,174.75,175.25
2025-07-04,S0057,2429,145.0,Cercle de perçage,145.165,144.8,145.2
2025-07-04,S0057,2429,4.0,Rayon congé usinage,3.952,3.95,4.05
2025-07-04,S0057,2429,85.0,Petit alésage,85.098,84.8,85.2
2025-07-04,S0057,2429,95.0,Alésage moyen,94.814,94.75,95.25
2025-07-04,S0057,2429,105.0,Alésage grand,104.8,104.8,105.2
2025-07-05,S0058,4397,275.0,Rayon extérieur,275.044,274.8,275.1
2025-07-05,S0058,4397,210.0,Rayon intérieur jante,210.262,209.7,210.3
2025-07-05,S0058,4397,320.0,Rayon hors tout,320.279,319.8,320.3
2025-07-05,S0058,4397,40.0,Rayon fond,39.933,39.9,40.1
2025-07-05,S0058,4397,325.81,Diamètre global max,325.9,325.31,326.11
2025-07-05,S0058,4397,275.0,Rayon extérieur (2e mention),275.196,274.4,275.6
2025-07-05,S0058,4397,30.0,Épaisseur patin,30.125,29.6,30.4
2025-07-05,S0058,4397,79.97,Largeur gorge centrale,79.835,79.77,80.17
2025-07-05,S0058,4397,40.0,Rayon fond (2e mention),40.044,39.85,40.15
2025-07-05,S0058,4397,175.0,Hauteur jante,174.807,174.75,175.25
2025-07-05,S0058,4397,145.0,Cercle de perçage,145.155,144.8,145.2
2025-07-05,S0058,4397,4.0,Rayon congé usinage,3.982,3.95,4.05
2025-07-05,S0058,4397,85.0,Petit alésage,85.04,84.8,85.2
2025-07-05,S0058,4397,95.0,Alésage moyen,94.849,94.75,95.25
2025-07-05,S0058,4397,105.0,Alésage grand,104.888,104.8,105.2
2025-07-06,S0059,5535,275.0,Rayon extérieur,274.866,274.8,275.1
2025-07-06,S0059,5535,210.0,Rayon intérieur jante,210.171,209.7,210.3
2025-07-06,S0059,5535,320.0,Rayon hors tout,320.164,319.8,320.3
2025-07-06,S0059,5535,40.0,Rayon fond,40.081,39.9,40.1
2025-07-06,S0059,5535,325.81,Diamètre global max,325.84,325.31,326.11
2025-07-06,S0059,5535,275.0,Rayon extérieur (2e mention),275.038,274.4,275.6
2025-07-06,S0059,5535,30.0,Épaisseur patin,30.216,29.6,30.4
2025-07-06,S0059,5535,79.97,Largeur gorge centrale,80.161,79.77,80.17
2025-07-06,S0059,5535,40.0,Rayon fond (2e mention),40.12,39.85,40.15
2025-07-06,S0059,5535,175.0,Hauteur jante,175.053,174.75,175.25
2025-07-06,S0059,5535,145.0,Cercle de perçage,145.196,144.8,145.2
2025-07-06,S0059,5535,4.0,Rayon congé usinage,4.028,3.95,4.05
2025-07-06,S0059,5535,85.0,Petit alésage,84.873,84.8,85.2
2025-07-06,S0059,5535,95.0,Alésage moyen,94.845,94.75,95.25
2025-07-06,S0059,5535,105.0,Alésage grand,104.871,104.8,105.2
2025-07-07,S0060,9271,275.0,Rayon extérieur,274.974,274.8,275.1
2025-07-07,S0060,9271,210.0,Rayon intérieur jante,209.921,209.7,210.3
2025-07-07,S0060,9271,320.0,Rayon hors tout,319.818,319.8,320.3
2025-07-07,S0060,9271,40.0,Rayon fond,40.094,39.9,40.1
2025-07-07,S0060,9271,325.81,Diamètre global max,325.45,325.31,326.11
2025-07-07,S0060,9271,275.0,Rayon extérieur (2e mention),275.472,274.4,275.6
2025-07-07,S0060,9271,30.0,Épaisseur patin,30.12,29.6,30.4
2025-07-07,S0060,9271,79.97,Largeur gorge centrale,79.886,79.77,80.17
2025-07-07,S0060,9271,40.0,Rayon fond (2e mention),39.993,39.85,40.15
2025-07-07,S0060,9271,175.0,Hauteur jante,174.792,174.75,175.25
2025-07-07,S0060,9271,145.0,Cercle de perçage,144.991,144.8,145.2
2025-07-07,S0060,9271,4.0,Rayon congé usinage,4.007,3.95,4.05
2025-07-07,S0060,9271,85.0,Petit alésage,84.933,84.8,85.2
2025-07-07,S0060,9271,95.0,Alésage moyen,94.962,94.75,95.25
2025-07-07,S0060,9271,105.0,Alésage grand,105.146,104.8,105.2
2025-07-08,S0061,3528,275.0,Rayon extérieur,275.039,274.8,275.1
2025-07-08,S0061,3528,210.0,Rayon intérieur jante,210.068,209.7,210.3
2025-07-08,S0061,3528,320.0,Rayon hors tout,319.921,319.8,320.3
2025-07-08,S0061,3528,40.0,Rayon fond,39.926,39.9,40.1
2025-07-08,S0061,3528,325.81,Diamètre global max,325.343,325.31,326.11
2025-07-08,S0061,3528,275.0,Rayon extérieur (2e mention),274.929,274.4,275.6
2025-07-08,S0061,3528,30.0,Épaisseur patin,30.103,29.6,30.4
2025-07-08,S0061,3528,79.97,Largeur gorge centrale,80.057,79.77,80.17
2025-07-08,S0061,3528,40.0,Rayon fond (2e mention),39.967,39.85,40.15
2025-07-08,S0061,3528,175.0,Hauteur jante,174.891,174.75,175.25
2025-07-08,S0061,3528,145.0,Cercle de perçage,145.132,144.8,145.2
2025-07-08,S0061,3528,4.0,Rayon congé usinage,3.985,3.95,4.05
2025-07-08,S0061,3528,85.0,Petit alésage,84.852,84.8,85.2
2025-07-08,S0061,3528,95.0,Alésage moyen,94.773,94.75,95.25
2025-07-08,S0061,3528,105.0,Alésage grand,105.161,104.8,105.2
2025-07-09,S0062,6429,275.0,Rayon extérieur,275.068,274.8,275.1
2025-07-09,S0062,6429,210.0,Rayon intérieur jante,209.886,209.7,210.3
2025-07-09,S0062,6429,320.0,Rayon hors tout,319.922,319.8,320.3
2025-07-09,S0062,6429,40.0,Rayon fond,40.093,39.9,40.1
2025-07-09,S0062,6429,325.81,Diamètre global max,326.03,325.31,326.11
2025-07-09,S0062,6429,275.0,Rayon extérieur (2e mention),275.486,274.4,275.6
2025-07-09,S0062,6429,30.0,Épaisseur patin,29.97,29.6,30.4
2025-07-09,S0062,6429,79.97,Largeur gorge centrale,79.941,79.77,80.17
2025-07-09,S0062,6429,40.0,Rayon fond (2e mention),39.911,39.85,40.15
2025-07-09,S0062,6429,175.0,Hauteur jante,175.12,174.75,175.25
2025-07-09,S0062,6429,145.0,Cercle de perçage,144.944,144.8,145.2
2025-07-09,S0062,6429,4.0,Rayon congé usinage,4.022,3.95,4.05
2025-07-09,S0062,6429,85.0,Petit alésage,84.924,84.8,85.2
2025-07-09,S0062,6429,95.0,Alésage moyen,95.084,94.75,95.25
2025-07-09,S0062,6429,105.0,Alésage grand,104.957,104.8,105.2
2025-07-10,S0063,7881,275.0,Rayon extérieur,274.856,274.8,275.1
2025-07-10,S0063,7881,210.0,Rayon intérieur jante,209.904,209.7,210.3
2025-07-10,S0063,7881,320.0,Rayon hors tout,320.082,319.8,320.3
2025-07-10,S0063,7881,40.0,Rayon fond,40.068,39.9,40.1
2025-07-10,S0063,7881,325.81,Diamètre global max,326.019,325.31,326.11
2025-07-10,S0063,7881,275.0,Rayon extérieur (2e mention),274.493,274.4,275.6
2025-07-10,S0063,7881,30.0,Épaisseur patin,30.085,29.6,30.4
2025-07-10,S0063,7881,79.97,Largeur gorge centrale,80.16,79.77,80.17
2025-07-10,S0063,7881,40.0,Rayon fond (2e mention),40.12,39.85,40.15
2025-07-10,S0063,7881,175.0,Hauteur jante,174.999,174.75,175.25
2025-07-10,S0063,7881,145.0,Cercle de perçage,144.905,144.8,145.2
2025-07-10,S0063,7881,4.0,Rayon congé usinage,3.957,3.95,4.05
2025-07-10,S0063,7881,85.0,Petit alésage,85.094,84.8,85.2
2025-07-10,S0063,7881,95.0,Alésage moyen,95.166,94.75,95.25
2025-07-10,S0063,7881,105.0,Alésage grand,104.957,104.8,105.2
2025-07-11,S0064,8890,275.0,Rayon extérieur,274.974,274.8,275.1
2025-07-11,S0064,8890,210.0,Rayon intérieur jante,209.977,209.7,210.3
2025-07-11,S0064,8890,320.0,Rayon hors tout,320.121,319.8,320.3
2025-07-11,S0064,8890,40.0,Rayon fond,40.032,39.9,40.1
2025-07-11,S0064,8890,325.81,Diamètre global max,325.62,325.31,326.11
2025-07-11,S0064,8890,275.0,Rayon extérieur (2e mention),275.42,274.4,275.6
2025-07-11,S0064,8890,30.0,Épaisseur patin,29.707,29.6,30.4
2025-07-11,S0064,8890,79.97,Largeur gorge centrale,79.799,79.77,80.17
2025-07-11,S0064,8890,40.0,Rayon fond (2e mention),40.016,39.85,40.15
2025-07-11,S0064,8890,175.0,Hauteur jante,175.027,174.75,175.25
2025-07-11,S0064,8890,145.0,Cercle de perçage,144.877,144.8,145.2
2025-07-11,S0064,8890,4.0,Rayon congé usinage,3.959,3.95,4.05
2025-07-11,S0064,8890,85.0,Petit alésage,84.871,84.8,85.2
2025-07-11,S0064,8890,95.0,Alésage moyen,95.175,94.75,95.25
2025-07-11,S0064,8890,105.0,Alésage grand,105.193,104.8,105.2
2025-07-12,S0065,4979,275.0,Rayon extérieur,275.095,274.8,275.1
2025-07-12,S0065,4979,210.0,Rayon intérieur jante,209.893,209.7,210.3
2025-07-12,S0065,4979,320.0,Rayon hors tout,319.844,319.8,320.3
2025-07-12,S0065,4979,40.0,Rayon fond,40.031,39.9,40.1
2025-07-12,S0065,4979,325.81,Diamètre global max,325.528,325.31,326.11
2025-07-12,S0065,4979,275.0,Rayon extérieur (2e mention),274.563,274.4,275.6
2025-07-12,S0065,4979,30.0,Épaisseur patin,30.312,29.6,30.4
2025-07-12,S0065,4979,79.97,Largeur gorge centrale,80.056,79.77,80.17
2025-07-12,S0065,4979,40.0,Rayon fond (2e mention),40.098,39.85,40.15
2025-07-12,S0065,4979,175.0,Hauteur jante,175.24,174.75,175.25
2025-07-12,S0065,4979,145.0,Cercle de perçage,144.802,144.8,145.2
2025-07-12,S0065,4979,4.0,Rayon congé usinage,3.986,3.95,4.05
2025-07-12,S0065,4979,85.0,Petit alésage,84.898,84.8,85.2
2025-07-12,S0065,4979,95.0,Alésage moyen,95.181,94.75,95.25
2025-07-12,S0065,4979,105.0,Alésage grand,105.127,104.8,105.2
2025-07-13,S0066,8056,275.0,Rayon extérieur,274.835,274.8,275.1
2025-07-13,S0066,8056,210.0,Rayon intérieur jante,210.114,209.7,210.3
2025-07-13,S0066,8056,320.0,Rayon hors tout,320.279,319.8,320.3
2025-07-13,S0066,8056,40.0,Rayon fond,39.953,39.9,40.1
2025-07-13,S0066,8056,325.81,Diamètre global max,326.075,325.31,326.11
2025-07-13,S0066,8056,275.0,Rayon extérieur (2e mention),274.827,274.4,275.6
2025-07-13,S0066,8056,30.0,Épaisseur patin,30.278,29.6,30.4
2025-07-13,S0066,8056,79.97,Largeur gorge centrale,80.116,79.77,80.17
2025-07-13,S0066,8056,40.0,Rayon fond (2e mention),39.949,39.85,40.15
2025-07-13,S0066,8056,175.0,Hauteur jante,174.986,174.75,175.25
2025-07-13,S0066,8056,145.0,Cercle de perçage,145.115,144.8,145.2
2025-07-13,S0066,8056,4.0,Rayon congé usinage,3.986,3.95,4.05
2025-07-13,S0066,8056,85.0,Petit alésage,85.029,84.8,85.2
2025-07-13,S0066,8056,95.0,Alésage moyen,95.081,94.75,95.25
2025-07-13,S0066,8056,105.0,Alésage grand,105.053,104.8,105.2
2025-07-14,S0067,9098,275.0,Rayon extérieur,274.868,274.8,275.1
2025-07-14,S0067,9098,210.0,Rayon intérieur jante,209.838,209.7,210.3
2025-07-14,S0067,9098,320.0,Rayon hors tout,320.191,319.8,320.3
2025-07-14,S0067,9098,40.0,Rayon fond,40.034,39.9,40.1
2025-07-14,S0067,9098,325.81,Diamètre global max,325.574,325.31,326.11
2025-07-14,S0067,9098,275.0,Rayon extérieur (2e mention),275.468,274.4,275.6
2025-07-14,S0067,9098,30.0,Épaisseur patin,29.871,29.6,30.4
2025-07-14,S0067,9098,79.97,Largeur gorge centrale,79.873,79.77,80.17
2025-07-14,S0067,9098,40.0,Rayon fond (2e mention),39.911,39.85,40.15
2025-07-14,S0067,9098,175.0,Hauteur jante,174.989,174.75,175.25
2025-07-14,S0067,9098,145.0,Cercle de perçage,144.848,144.8,145.2
2025-07-14,S0067,9098,4.0,Rayon congé usinage,3.952,3.95,4.05
2025-07-14,S0067,9098,85.0,Petit alésage,84.883,84.8,85.2
2025-07-14,S0067,9098,95.0,Alésage moyen,95.152,94.75,95.25
2025-07-14,S0067,9098,105.0,Alésage grand,105.149,104.8,105.2
2025-07-15,S0068,7355,275.0,Rayon extérieur,274.81,274.8,275.1
2025-07-15,S0068,7355,210.0,Rayon intérieur jante,210.2,209.7,210.3
2025-07-15,S0068,7355,320.0,Rayon hors tout,320.168,319.8,320.3
2025-07-15,S0068,7355,40.0,Rayon fond,40.087,39.9,40.1
2025-07-15,S0068,7355,325.81,Diamètre global max,325.777,325.31,326.11
2025-07-15,S0068,7355,275.0,Rayon extérieur (2e mention),274.919,274.4,275.6
2025-07-15,S0068,7355,30.0,Épaisseur patin,30.299,29.6,30.4
2025-07-15,S0068,7355,79.97,Largeur gorge centrale,80.153,79.77,80.17
2025-07-15,S0068,7355,40.0,Rayon fond (2e mention),40.048,39.85,40.15
2025-07-15,S0068,7355,175.0,Hauteur jante,174.97,174.75,175.25
2025-07-15,S0068,7355,145.0,Cercle de perçage,145.173,144.8,145.2
2025-07-15,S0068,7355,4.0,Rayon congé usinage,4.023,3.95,4.05
2025-07-15,S0068,7355,85.0,Petit alésage,84.946,84.8,85.2
2025-07-15,S0068,7355,95.0,Alésage moyen,94.809,94.75,95.25
2025-07-15,S0068,7355,105.0,Alésage grand,104.837,104.8,105.2
2025-07-16,S0069,4468,275.0,Rayon extérieur,274.947,274.8,275.1
2025-07-16,S0069,4468,210.0,Rayon intérieur jante,209.704,209.7,210.3
2025-07-16,S0069,4468,320.0,Rayon hors tout,319.911,319.8,320.3
2025-07-16,S0069,4468,40.0,Rayon fond,40.016,39.9,40.1
2025-07-16,S0069,4468,325.81,Diamètre global max,326.006,325.31,326.11
2025-07-16,S0069,4468,275.0,Rayon extérieur (2e mention),275.316,274.4,275.6
2025-07-16,S0069,4468,30.0,Épaisseur patin,29.998,29.6,30.4
2025-07-16,S0069,4468,79.97,Largeur gorge centrale,80.088,79.77,80.17
2025-07-16,S0069,4468,40.0,Rayon fond (2e mention),40.095,39.85,40.15
2025-07-16,S0069,4468,175.0,Hauteur jante,175.195,174.75,175.25
2025-07-16,S0069,4468,145.0,Cercle de perçage,145.044,144.8,145.2
2025-07-16,S0069,4468,4.0,Rayon congé usinage,3.971,3.95,4.05
2025-07-16,S0069,4468,85.0,Petit alésage,85.175,84.8,85.2
2025-07-16,S0069,4468,95.0,Alésage moyen,95.044,94.75,95.25
2025-07-16,S0069,4468,105.0,Alésage grand,104.995,104.8,105.2
2025-07-17,S0070,6064,275.0,Rayon extérieur,274.919,274.8,275.1
2025-07-17,S0070,6064,210.0,Rayon intérieur jante,209.998,209.7,210.3
2025-07-17,S0070,6064,320.0,Rayon hors tout,319.938,319.8,320.3
2025-07-17,S0070,6064,40.0,Rayon fond,40.029,39.9,40.1
2025-07-17,S0070,6064,325.81,Diamètre global max,325.535,325.31,326.11
2025-07-17,S0070,6064,275.0,Rayon extérieur (2e mention),275.162,274.4,275.6
2025-07-17,S0070,6064,30.0,Épaisseur patin,29.627,29.6,30.4
2025-07-17,S0070,6064,79.97,Largeur gorge centrale,79.858,79.77,80.17
2025-07-17,S0070,6064,40.0,Rayon fond (2e mention),39.966,39.85,40.15
2025-07-17,S0070,6064,175.0,Hauteur jante,175.149,174.75,175.25
2025-07-17,S0070,6064,145.0,Cercle de perçage,144.878,144.8,145.2
2025-07-17,S0070,6064,4.0,Rayon congé usinage,3.987,3.95,4.05
2025-07-17,S0070,6064,85.0,Petit alésage,84.808,84.8,85.2
2025-07-17,S0070,6064,95.0,Alésage moyen,94.926,94.75,95.25
2025-07-17,S0070,6064,105.0,Alésage grand,105.012,104.8,105.2
2025-07-18,S0071,1808,275.0,Rayon extérieur,275.04,274.8,275.1
2025-07-18,S0071,1808,210.0,Rayon intérieur jante,209.744,209.7,210.3
2025-07-18,S0071,1808,320.0,Rayon hors tout,320.26,319.8,320.3
2025-07-18,S0071,1808,40.0,Rayon fond,39.931,39.9,40.1
2025-07-18,S0071,1808,325.81,Diamètre global max,325.62,325.31,326.11
2025-07-18,S0071,1808,275.0,Rayon extérieur (2e mention),275.08,274.4,275.6
2025-07-18,S0071,1808,30.0,Épaisseur patin,29.96,29.6,30.4
2025-07-18,S0071,1808,79.97,Largeur gorge centrale,79.845,79.77,80.17
2025-07-18,S0071,1808,40.0,Rayon fond (2e mention),39.875,39.85,40.15
2025-07-18,S0071,1808,175.0,Hauteur jante,174.767,174.75,175.25
2025-07-18,S0071,1808,145.0,Cercle de perçage,144.892,144.8,145.2
2025-07-18,S0071,1808,4.0,Rayon congé usinage,4.018,3.95,4.05
2025-07-18,S0071,1808,85.0,Petit alésage,84.869,84.8,85.2
2025-07-18,S0071,1808,95.0,Alésage moyen,95.12,94.75,95.25
2025-07-18,S0071,1808,105.0,Alésage grand,104.998,104.8,105.2
2025-07-19,S0072,1014,275.0,Rayon extérieur,274.802,274.8,275.1
2025-07-19,S0072,1014,210.0,Rayon intérieur jante,210.275,209.7,210.3
2025-07-19,S0072,1014,320.0,Rayon hors tout,319.816,319.8,320.3
2025-07-19,S0072,1014,40.0,Rayon fond,40.046,39.9,40.1
2025-07-19,S0072,1014,325.81,Diamètre global max,325.849,325.31,326.11
2025-07-19,S0072,1014,275.0,Rayon extérieur (2e mention),275.111,274.4,275.6
2025-07-19,S0072,1014,30.0,Épaisseur patin,30.304,29.6,30.4
2025-07-19,S0072,1014,79.97,Largeur gorge centrale,80.147,79.77,80.17
2025-07-19,S0072,1014,40.0,Rayon fond (2e mention),39.999,39.85,40.15
2025-07-19,S0072,1014,175.0,Hauteur jante,175.027,174.75,175.25
2025-07-19,S0072,1014,145.0,Cercle de perçage,145.033,144.8,145.2
2025-07-19,S0072,1014,4.0,Rayon congé usinage,4.009,3.95,4.05
2025-07-19,S0072,1014,85.0,Petit alésage,85.119,84.8,85.2
2025-07-19,S0072,1014,95.0,Alésage moyen,95.242,94.75,95.25
2025-07-19,S0072,1014,105.0,Alésage grand,104.928,104.8,105.2
2025-07-20,S0073,7233,275.0,Rayon extérieur,275.054,274.8,275.1
2025-07-20,S0073,7233,210.0,Rayon intérieur jante,209.899,209.7,210.3
2025-07-20,S0073,7233,320.0,Rayon hors tout,319.86,319.8,320.3
2025-07-20,S0073,7233,40.0,Rayon fond,39.956,39.9,40.1
2025-07-20,S0073,7233,325.81,Diamètre global max,325.756,325.31,326.11
2025-07-20,S0073,7233,275.0,Rayon extérieur (2e mention),274.693,274.4,275.6
2025-07-20,S0073,7233,30.0,Épaisseur patin,29.671,29.6,30.4
2025-07-20,S0073,7233,79.97,Largeur gorge centrale,79.786,79.77,80.17
2025-07-20,S0073,7233,40.0,Rayon fond (2e mention),39.902,39.85,40.15
2025-07-20,S0073,7233,175.0,Hauteur jante,174.88,174.75,175.25
2025-07-20,S0073,7233,145.0,Cercle de perçage,145.077,144.8,145.2
2025-07-20,S0073,7233,4.0,Rayon congé usinage,4.006,3.95,4.05
2025-07-20,S0073,7233,85.0,Petit alésage,85.184,84.8,85.2
2025-07-20,S0073,7233,95.0,Alésage moyen,95.099,94.75,95.25
2025-07-20,S0073,7233,105.0,Alésage grand,104.845,104.8,105.2
2025-07-21,S0074,4563,275.0,Rayon extérieur,274.909,274.8,275.1
2025-07-21,S0074,4563,210.0,Rayon intérieur jante,209.71,209.7,210.3
2025-07-21,S0074,4563,320.0,Rayon hors tout,320.04,319.8,320.3
2025-07-21,S0074,4563,40.0,Rayon fond,39.902,39.9,40.1
2025-07-21,S0074,4563,325.81,Diamètre global max,325.873,325.31,326.11
2025-07-21,S0074,4563,275.0,Rayon extérieur (2e mention),275.194,274.4,275.6
2025-07-21,S0074,4563,30.0,Épaisseur patin,29.84,29.6,30.4
2025-07-21,S0074,4563,79.97,Largeur gorge centrale,80.051,79.77,80.17
2025-07-21,S0074,4563,40.0,Rayon fond (2e mention),39.964,39.85,40.15
2025-07-21,S0074,4563,175.0,Hauteur jante,174.876,174.75,175.25
2025-07-21,S0074,4563,145.0,Cercle de perçage,145.04,144.8,145.2
2025-07-21,S0074,4563,4.0,Rayon congé usinage,3.959,3.95,4.05
2025-07-21,S0074,4563,85.0,Petit alésage,84.869,84.8,85.2
2025-07-21,S0074,4563,95.0,Alésage moyen,94.957,94.75,95.25
2025-07-21,S0074,4563,105.0,Alésage grand,104.845,104.8,105.2
2025-07-22,S0075,9653,275.0,Rayon extérieur,275.015,274.8,275.1
2025-07-22,S0075,9653,210.0,Rayon intérieur jante,210.146,209.7,210.3
2025-07-22,S0075,9653,320.0,Rayon hors tout,319.87,319.8,320.3
2025-07-22,S0075,9653,40.0,Rayon fond,39.985,39.9,40.1
2025-07-22,S0075,9653,325.81,Diamètre global max,325.396,325.31,326.11
2025-07-22,S0075,9653,275.0,Rayon extérieur (2e mention),275.446,274.4,275.6
2025-07-22,S0075,9653,30.0,Épaisseur patin,30.14,29.6,30.4
2025-07-22,S0075,9653,79.97,Largeur gorge centrale,79.971,79.77,80.17
2025-07-22,S0075,9653,40.0,Rayon fond (2e mention),39.947,39.85,40.15
2025-07-22,S0075,9653,175.0,Hauteur jante,174.971,174.75,175.25
2025-07-22,S0075,9653,145.0,Cercle de perçage,144.859,144.8,145.2
2025-07-22,S0075,9653,4.0,Rayon congé usinage,4.044,3.95,4.05
2025-07-22,S0075,9653,85.0,Petit alésage,84.902,84.8,85.2
2025-07-22,S0075,9653,95.0,Alésage moyen,95.053,94.75,95.25
2025-07-22,S0075,9653,105.0,Alésage grand,104.824,104.8,105.2
2025-07-23,S0076,2338,275.0,Rayon extérieur,275.012,274.8,275.1
2025-07-23,S0076,2338,210.0,Rayon intérieur jante,210.291,209.7,210.3
2025-07-23,S0076,2338,320.0,Rayon hors tout,320.288,319.8,320.3
2025-07-23,S0076,2338,40.0,Rayon fond,39.954,39.9,40.1
2025-07-23,S0076,2338,325.81,Diamètre global max,325.538,325.31,326.11
2025-07-23,S0076,2338,275.0,Rayon extérieur (2e mention),275.589,274.4,275.6
2025-07-23,S0076,2338,30.0,Épaisseur patin,29.74,29.6,30.4
2025-07-23,S0076,2338,79.97,Largeur gorge centrale,80.011,79.77,80.17
2025-07-23,S0076,2338,40.0,Rayon fond (2e mention),39.895,39.85,40.15
2025-07-23,S0076,2338,175.0,Hauteur jante,175.135,174.75,175.25
2025-07-23,S0076,2338,145.0,Cercle de perçage,145.035,144.8,145.2
2025-07-23,S0076,2338,4.0,Rayon congé usinage,4.013,3.95,4.05
2025-07-23,S0076,2338,85.0,Petit alésage,84.919,84.8,85.2
2025-07-23,S0076,2338,95.0,Alésage moyen,94.884,94.75,95.25
2025-07-23,S0076,2338,105.0,Alésage grand,104.864,104.8,105.2
2025-07-24,S0077,7295,275.0,Rayon extérieur,274.802,274.8,275.1
2025-07-24,S0077,7295,210.0,Rayon intérieur jante,210.212,209.7,210.3
2025-07-24,S0077,7295,320.0,Rayon hors tout,319.961,319.8,320.3
2025-07-24,S0077,7295,40.0,Rayon fond,40.086,39.9,40.1
2025-07-24,S0077,7295,325.81,Diamètre global max,325.672,325.31,326.11
2025-07-24,S0077,7295,275.0,Rayon extérieur (2e mention),275.499,274.4,275.6
2025-07-24,S0077,7295,30.0,Épaisseur patin,29.615,29.6,30.4
2025-07-24,S0077,7295,79.97,Largeur gorge centrale,80.047,79.77,80.17
2025-07-24,S0077,7295,40.0,Rayon fond (2e mention),39.9,39.85,40.15
2025-07-24,S0077,7295,175.0,Hauteur jante,175.181,174.75,175.25
2025-07-24,S0077,7295,145.0,Cercle de perçage,145.008,144.8,145.2
2025-07-24,S0077,7295,4.0,Rayon congé usinage,3.958,3.95,4.05
2025-07-24,S0077,7295,85.0,Petit alésage,85.034,84.8,85.2
2025-07-24,S0077,7295,95.0,Alésage moyen,95.085,94.75,95.25
2025-07-24,S0077,7295,105.0,Alésage grand,104.951,104.8,105.2
2025-07-25,S0078,1748,275.0,Rayon extérieur,275.069,274.8,275.1
2025-07-25,S0078,1748,210.0,Rayon intérieur jante,209.944,209.7,210.3
2025-07-25,S0078,1748,320.0,Rayon hors tout,320.184,319.8,320.3
2025-07-25,S0078,1748,40.0,Rayon fond,40.053,39.9,40.1
2025-07-25,S0078,1748,325.81,Diamètre global max,325.839,325.31,326.11
2025-07-25,S0078,1748,275.0,Rayon extérieur (2e mention),274.656,274.4,275.6
2025-07-25,S0078,1748,30.0,Épaisseur patin,29.73,29.6,30.4
2025-07-25,S0078,1748,79.97,Largeur gorge centrale,79.95,79.77,80.17
2025-07-25,S0078,1748,40.0,Rayon fond (2e mention),40.057,39.85,40.15
2025-07-25,S0078,1748,175.0,Hauteur jante,174.793,174.75,175.25
2025-07-25,S0078,1748,145.0,Cercle de perçage,145.104,144.8,145.2
2025-07-25,S0078,1748,4.0,Rayon congé usinage,3.988,3.95,4.05
2025-07-25,S0078,1748,85.0,Petit alésage,84.883,84.8,85.2
2025-07-25,S0078,1748,95.0,Alésage moyen,95.155,94.75,95.25
2025-07-25,S0078,1748,105.0,Alésage grand,104.864,104.8,105.2
2025-07-26,S0079,5540,275.0,Rayon extérieur,274.897,274.8,275.1
2025-07-26,S0079,5540,210.0,Rayon intérieur jante,210.23,209.7,210.3
2025-07-26,S0079,5540,320.0,Rayon hors tout,320.069,319.8,320.3
2025-07-26,S0079,5540,40.0,Rayon fond,40.073,39.9,40.1
2025-07-26,S0079,5540,325.81,Diamètre global max,326.062,325.31,326.11
2025-07-26,S0079,5540,275.0,Rayon extérieur (2e mention),274.603,274.4,275.6
2025-07-26,S0079,5540,30.0,Épaisseur patin,29.698,29.6,30.4
2025-07-26,S0079,5540,79.97,Largeur gorge centrale,79.858,79.77,80.17
2025-07-26,S0079,5540,40.0,Rayon fond (2e mention),40.123,39.85,40.15
2025-07-26,S0079,5540,175.0,Hauteur jante,175.166,174.75,175.25
2025-07-26,S0079,5540,145.0,Cercle de perçage,145.122,144.8,145.2
2025-07-26,S0079,5540,4.0,Rayon congé usinage,3.979,3.95,4.05
2025-07-26,S0079,5540,85.0,Petit alésage,84.836,84.8,85.2
2025-07-26,S0079,5540,95.0,Alésage moyen,95.081,94.75,95.25
2025-07-26,S0079,5540,105.0,Alésage grand,104.945,104.8,105.2
2025-07-27,S0080,6151,275.0,Rayon extérieur,274.965,274.8,275.1
2025-07-27,S0080,6151,210.0,Rayon intérieur jante,210.225,209.7,210.3
2025-07-27,S0080,6151,320.0,Rayon hors tout,319.919,319.8,320.3
2025-07-27,S0080,6151,40.0,Rayon fond,40.086,39.9,40.1
2025-07-27,S0080,6151,325.81,Diamètre global max,326.07,325.31,326.11
2025-07-27,S0080,6151,275.0,Rayon extérieur (2e mention),275.298,274.4,275.6
2025-07-27,S0080,6151,30.0,Épaisseur patin,29.976,29.6,30.4
2025-07-27,S0080,6151,79.97,Largeur gorge centrale,79.893,79.77,80.17
2025-07-27,S0080,6151,40.0,Rayon fond (2e mention),39.972,39.85,40.15
2025-07-27,S0080,6151,175.0,Hauteur jante,175.023,174.75,175.25
2025-07-27,S0080,6151,145.0,Cercle de perçage,145.123,144.8,145.2
2025-07-27,S0080,6151,4.0,Rayon congé usinage,4.046,3.95,4.05
2025-07-27,S0080,6151,85.0,Petit alésage,85.075,84.8,85.2
2025-07-27,S0080,6151,95.0,Alésage moyen,95.015,94.75,95.25
2025-07-27,S0080,6151,105.0,Alésage grand,105.095,104.8,105.2
2025-07-28,S0081,2379,275.0,Rayon extérieur,274.896,274.8,275.1
2025-07-28,S0081,2379,210.0,Rayon intérieur jante,209.768,209.7,210.3
2025-07-28,S0081,2379,320.0,Rayon hors tout,319.967,319.8,320.3
2025-07-28,S0081,2379,40.0,Rayon fond,39.918,39.9,40.1
2025-07-28,S0081,2379,325.81,Diamètre global max,326.034,325.31,326.11
2025-07-28,S0081,2379,275.0,Rayon extérieur (2e mention),275.383,274.4,275.6
2025-07-28,S0081,2379,30.0,Épaisseur patin,30.384,29.6,30.4
2025-07-28,S0081,2379,79.97,Largeur gorge centrale,80.074,79.77,80.17
2025-07-28,S0081,2379,40.0,Rayon fond (2e mention),39.963,39.85,40.15
2025-07-28,S0081,2379,175.0,Hauteur jante,174.875,174.75,175.25
2025-07-28,S0081,2379,145.0,Cercle de perçage,144.831,144.8,145.2
2025-07-28,S0081,2379,4.0,Rayon congé usinage,3.984,3.95,4.05
2025-07-28,S0081,2379,85.0,Petit alésage,84.867,84.8,85.2
2025-07-28,S0081,2379,95.0,Alésage moyen,94.948,94.75,95.25
2025-07-28,S0081,2379,105.0,Alésage grand,104.951,104.8,105.2
2025-07-29,S0082,8719,275.0,Rayon extérieur,274.934,274.8,275.1
2025-07-29,S0082,8719,210.0,Rayon intérieur jante,210.106,209.7,210.3
2025-07-29,S0082,8719,320.0,Rayon hors tout,319.883,319.8,320.3
2025-07-29,S0082,8719,40.0,Rayon fond,40.055,39.9,40.1
2025-07-29,S0082,8719,325.81,Diamètre global max,325.835,325.31,326.11
2025-07-29,S0082,8719,275.0,Rayon extérieur (2e mention),275.572,274.4,275.6
2025-07-29,S0082,8719,30.0,Épaisseur patin,30.368,29.6,30.4
2025-07-29,S0082,8719,79.97,Largeur gorge centrale,80.062,79.77,80.17
2025-07-29,S0082,8719,40.0,Rayon fond (2e mention),40.054,39.85,40.15
2025-07-29,S0082,8719,175.0,Hauteur jante,174.782,174.75,175.25
2025-07-29,S0082,8719,145.0,Cercle de perçage,145.103,144.8,145.2
2025-07-29,S0082,8719,4.0,Rayon congé usinage,3.965,3.95,4.05
2025-07-29,S0082,8719,85.0,Petit alésage,84.939,84.8,85.2
2025-07-29,S0082,8719,95.0,Alésage moyen,95.13,94.75,95.25
2025-07-29,S0082,8719,105.0,Alésage grand,104.86,104.8,105.2
2025-07-30,S0083,2967,275.0,Rayon extérieur,275.062,274.8,275.1
2025-07-30,S0083,2967,210.0,Rayon intérieur jante,210.27,209.7,210.3
2025-07-30,S0083,2967,320.0,Rayon hors tout,319.816,319.8,320.3
2025-07-30,S0083,2967,40.0,Rayon fond,39.905,39.9,40.1
2025-07-30,S0083,2967,325.81,Diamètre global max,325.709,325.31,326.11
2025-07-30,S0083,2967,275.0,Rayon extérieur (2e mention),275.298,274.4,275.6
2025-07-30,S0083,2967,30.0,Épaisseur patin,30.113,29.6,30.4
2025-07-30,S0083,2967,79.97,Largeur gorge centrale,80.022,79.77,80.17
2025-07-30,S0083,2967,40.0,Rayon fond (2e mention),40.033,39.85,40.15
2025-07-30,S0083,2967,175.0,Hauteur jante,174.951,174.75,175.25
2025-07-30,S0083,2967,145.0,Cercle de perçage,144.922,144.8,145.2
2025-07-30,S0083,2967,4.0,Rayon congé usinage,4.031,3.95,4.05
2025-07-30,S0083,2967,85.0,Petit alésage,84.946,84.8,85.2
2025-07-30,S0083,2967,95.0,Alésage moyen,94.772,94.75,95.25
2025-07-30,S0083,2967,105.0,Alésage grand,104.924,104.8,105.2
2025-07-31,S0084,8285,275.0,Rayon extérieur,274.938,274.8,275.1
2025-07-31,S0084,8285,210.0,Rayon intérieur jante,209.709,209.7,210.3
2025-07-31,S0084,8285,320.0,Rayon hors tout,319.897,319.8,320.3
2025-07-31,S0084,8285,40.0,Rayon fond,40.005,39.9,40.1
2025-07-31,S0084,8285,325.81,Diamètre global max,326.088,325.31,326.11
2025-07-31,S0084,8285,275.0,Rayon extérieur (2e mention),274.71,274.4,275.6
2025-07-31,S0084,8285,30.0,Épaisseur patin,29.772,29.6,30.4
2025-07-31,S0084,8285,79.97,Largeur gorge centrale,80.112,79.77,80.17
2025-07-31,S0084,8285,40.0,Rayon fond (2e mention),40.148,39.85,40.15
2025-07-31,S0084,8285,175.0,Hauteur jante,175.216,174.75,175.25
2025-07-31,S0084,8285,145.0,Cercle de perçage,145.192,144.8,145.2
2025-07-31,S0084,8285,4.0,Rayon congé usinage,4.018,3.95,4.05
2025-07-31,S0084,8285,85.0,Petit alésage,85.161,84.8,85.2
2025-07-31,S0084,8285,95.0,Alésage moyen,94.891,94.75,95.25
2025-07-31,S0084,8285,105.0,Alésage grand,104.874,104.8,105.2
2025-08-01,S0085,1858,275.0,Rayon extérieur,274.851,274.8,275.1
2025-08-01,S0085,1858,210.0,Rayon intérieur jante,209.879,209.7,210.3
2025-08-01,S0085,1858,320.0,Rayon hors tout,319.853,319.8,320.3
2025-08-01,S0085,1858,40.0,Rayon fond,40.041,39.9,40.1
2025-08-01,S0085,1858,325.81,Diamètre global max,325.477,325.31,326.11
2025-08-01,S0085,1858,275.0,Rayon extérieur (2e mention),275.096,274.4,275.6
2025-08-01,S0085,1858,30.0,Épaisseur patin,29.652,29.6,30.4
2025-08-01,S0085,1858,79.97,Largeur gorge centrale,80.072,79.77,80.17
2025-08-01,S0085,1858,40.0,Rayon fond (2e mention),40.104,39.85,40.15
2025-08-01,S0085,1858,175.0,Hauteur jante,175.235,174.75,175.25
2025-08-01,S0085,1858,145.0,Cercle de perçage,145.133,144.8,145.2
2025-08-01,S0085,1858,4.0,Rayon congé usinage,3.972,3.95,4.05
2025-08-01,S0085,1858,85.0,Petit alésage,85.128,84.8,85.2
2025-08-01,S0085,1858,95.0,Alésage moyen,94.879,94.75,95.25
2025-08-01,S0085,1858,105.0,Alésage grand,104.99,104.8,105.2
2025-08-02,S0086,7910,275.0,Rayon extérieur,274.918,274.8,275.1
2025-08-02,S0086,7910,210.0,Rayon intérieur jante,209.774,209.7,210.3
2025-08-02,S0086,7910,320.0,Rayon hors tout,319.805,319.8,320.3
2025-08-02,S0086,7910,40.0,Rayon fond,39.981,39.9,40.1
2025-08-02,S0086,7910,325.81,Diamètre global max,325.956,325.31,326.11
2025-08-02,S0086,7910,275.0,Rayon extérieur (2e mention),275.305,274.4,275.6
2025-08-02,S0086,7910,30.0,Épaisseur patin,29.88,29.6,30.4
2025-08-02,S0086,7910,79.97,Largeur gorge centrale,80.033,79.77,80.17
2025-08-02,S0086,7910,40.0,Rayon fond (2e mention),39.923,39.85,40.15
2025-08-02,S0086,7910,175.0,Hauteur jante,175.241,174.75,175.25
2025-08-02,S0086,7910,145.0,Cercle de perçage,144.956,144.8,145.2
2025-08-02,S0086,7910,4.0,Rayon congé usinage,4.048,3.95,4.05
2025-08-02,S0086,7910,85.0,Petit alésage,85.189,84.8,85.2
2025-08-02,S0086,7910,95.0,Alésage moyen,95.159,94.75,95.25
2025-08-02,S0086,7910,105.0,Alésage grand,105.096,104.8,105.2
2025-08-03,S0087,1875,275.0,Rayon extérieur,275.007,274.8,275.1
2025-08-03,S0087,1875,210.0,Rayon intérieur jante,210.183,209.7,210.3
2025-08-03,S0087,1875,320.0,Rayon hors tout,319.816,319.8,320.3
2025-08-03,S0087,1875,40.0,Rayon fond,39.994,39.9,40.1
2025-08-03,S0087,1875,325.81,Diamètre global max,325.55,325.31,326.11
2025-08-03,S0087,1875,275.0,Rayon extérieur (2e mention),274.407,274.4,275.6
2025-08-03,S0087,1875,30.0,Épaisseur patin,29.829,29.6,30.4
2025-08-03,S0087,1875,79.97,Largeur gorge centrale,79.876,79.77,80.17
2025-08-03,S0087,1875,40.0,Rayon fond (2e mention),39.973,39.85,40.15
2025-08-03,S0087,1875,175.0,Hauteur jante,174.849,174.75,175.25
2025-08-03,S0087,1875,145.0,Cercle de perçage,144.902,144.8,145.2
2025-08-03,S0087,1875,4.0,Rayon congé usinage,3.997,3.95,4.05
2025-08-03,S0087,1875,85.0,Petit alésage,84.876,84.8,85.2
2025-08-03,S0087,1875,95.0,Alésage moyen,94.757,94.75,95.25
2025-08-03,S0087,1875,105.0,Alésage grand,105.15,104.8,105.2
2025-08-04,S0088,9330,275.0,Rayon extérieur,275.093,274.8,275.1
2025-08-04,S0088,9330,210.0,Rayon intérieur jante,209.704,209.7,210.3
2025-08-04,S0088,9330,320.0,Rayon hors tout,320.001,319.8,320.3
2025-08-04,S0088,9330,40.0,Rayon fond,39.908,39.9,40.1
2025-08-04,S0088,9330,325.81,Diamètre global max,325.624,325.31,326.11
2025-08-04,S0088,9330,275.0,Rayon extérieur (2e mention),274.525,274.4,275.6
2025-08-04,S0088,9330,30.0,Épaisseur patin,30.286,29.6,30.4
2025-08-04,S0088,9330,79.97,Largeur gorge centrale,79.889,79.77,80.17
2025-08-04,S0088,9330,40.0,Rayon fond (2e mention),39.931,39.85,40.15
2025-08-04,S0088,9330,175.0,Hauteur jante,175.006,174.75,175.25
2025-08-04,S0088,9330,145.0,Cercle de perçage,145.047,144.8,145.2
2025-08-04,S0088,9330,4.0,Rayon congé usinage,3.972,3.95,4.05
2025-08-04,S0088,9330,85.0,Petit alésage,85.141,84.8,85.2
2025-08-04,S0088,9330,95.0,Alésage moyen,95.117,94.75,95.25
2025-08-04,S0088,9330,105.0,Alésage grand,104.977,104.8,105.2
2025-08-05,S0089,5513,275.0,Rayon extérieur,274.89,274.8,275.1
2025-08-05,S0089,5513,210.0,Rayon intérieur jante,210.218,209.7,210.3
2025-08-05,S0089,5513,320.0,Rayon hors tout,320.026,319.8,320.3
2025-08-05,S0089,5513,40.0,Rayon fond,40.065,39.9,40.1
2025-08-05,S0089,5513,325.81,Diamètre global max,325.564,325.31,326.11
2025-08-05,S0089,5513,275.0,Rayon extérieur (2e mention),275.557,274.4,275.6
2025-08-05,S0089,5513,30.0,Épaisseur patin,30.216,29.6,30.4
2025-08-05,S0089,5513,79.97,Largeur gorge centrale,79.851,79.77,80.17
2025-08-05,S0089,5513,40.0,Rayon fond (2e mention),40.036,39.85,40.15
2025-08-05,S0089,5513,175.0,Hauteur jante,175.192,174.75,175.25
2025-08-05,S0089,5513,145.0,Cercle de perçage,145.13,144.8,145.2
2025-08-05,S0089,5513,4.0,Rayon congé usinage,3.962,3.95,4.05
2025-08-05,S0089,5513,85.0,Petit alésage,84.962,84.8,85.2
2025-08-05,S0089,5513,95.0,Alésage moyen,94.803,94.75,95.25
2025-08-05,S0089,5513,105.0,Alésage grand,105.044,104.8,105.2
2025-08-06,S0090,7467,275.0,Rayon extérieur,274.871,274.8,275.1
2025-08-06,S0090,7467,210.0,Rayon intérieur jante,209.97,209.7,210.3
2025-08-06,S0090,7467,320.0,Rayon hors tout,320.023,319.8,320.3
2025-08-06,S0090,7467,40.0,Rayon fond,39.936,39.9,40.1
2025-08-06,S0090,7467,325.81,Diamètre global max,325.401,325.31,326.11
2025-08-06,S0090,7467,275.0,Rayon extérieur (2e mention),274.607,274.4,275.6
2025-08-06,S0090,7467,30.0,Épaisseur patin,30.046,29.6,30.4
2025-08-06,S0090,7467,79.97,Largeur gorge centrale,79.984,79.77,80.17
2025-08-06,S0090,7467,40.0,Rayon fond (2e mention),39.954,39.85,40.15
2025-08-06,S0090,7467,175.0,Hauteur jante,174.898,174.75,175.25
2025-08-06,S0090,7467,145.0,Cercle de perçage,145.032,144.8,145.2
2025-08-06,S0090,7467,4.0,Rayon congé usinage,4.002,3.95,4.05
2025-08-06,S0090,7467,85.0,Petit alésage,84.803,84.8,85.2
2025-08-06,S0090,7467,95.0,Alésage moyen,94.933,94.75,95.25
2025-08-06,S0090,7467,105.0,Alésage grand,105.085,104.8,105.2
2025-08-07,S0091,2450,275.0,Rayon extérieur,274.843,274.8,275.1
2025-08-07,S0091,2450,210.0,Rayon intérieur jante,209.999,209.7,210.3
2025-08-07,S0091,2450,320.0,Rayon hors tout,320.256,319.8,320.3
2025-08-07,S0091,2450,40.0,Rayon fond,40.058,39.9,40.1
2025-08-07,S0091,2450,325.81,Diamètre global max,325.527,325.31,326.11
2025-08-07,S0091,2450,275.0,Rayon extérieur (2e mention),275.476,274.4,275.6
2025-08-07,S0091,2450,30.0,Épaisseur patin,30.133,29.6,30.4
2025-08-07,S0091,2450,79.97,Largeur gorge centrale,80.079,79.77,80.17
2025-08-07,S0091,2450,40.0,Rayon fond (2e mention),40.077,39.85,40.15
2025-08-07,S0091,2450,175.0,Hauteur jante,175.154,174.75,175.25
2025-08-07,S0091,2450,145.0,Cercle de perçage,145.047,144.8,145.2
2025-08-07,S0091,2450,4.0,Rayon congé usinage,4.003,3.95,4.05
2025-08-07,S0091,2450,85.0,Petit alésage,84.909,84.8,85.2
2025-08-07,S0091,2450,95.0,Alésage moyen,94.997,94.75,95.25
2025-08-07,S0091,2450,105.0,Alésage grand,105.085,104.8,105.2
2025-08-08,S0092,2191,275.0,Rayon extérieur,274.907,274.8,275.1
2025-08-08,S0092,2191,210.0,Rayon intérieur jante,210.109,209.7,210.3
2025-08-08,S0092,2191,320.0,Rayon hors tout,320.191,319.8,320.3
2025-08-08,S0092,2191,40.0,Rayon fond,40.062,39.9,40.1
2025-08-08,S0092,2191,325.81,Diamètre global max,325.686,325.31,326.11
2025-08-08,S0092,2191,275.0,Rayon extérieur (2e mention),274.754,274.4,275.6
2025-08-08,S0092,2191,30.0,Épaisseur patin,30.375,29.6,30.4
2025-08-08,S0092,2191,79.97,Largeur gorge centrale,80.157,79.77,80.17
2025-08-08,S0092,2191,40.0,Rayon fond (2e mention),39.926,39.85,40.15
2025-08-08,S0092,2191,175.0,Hauteur jante,175.063,174.75,175.25
2025-08-08,S0092,2191,145.0,Cercle de perçage,145.059,144.8,145.2
2025-08-08,S0092,2191,4.0,Rayon congé usinage,4.007,3.95,4.05
2025-08-08,S0092,2191,85.0,Petit alésage,85.097,84.8,85.2
2025-08-08,S0092,2191,95.0,Alésage moyen,94.825,94.75,95.25
2025-08-08,S0092,2191,105.0,Alésage grand,104.881,104.8,105.2
2025-08-09,S0093,1122,275.0,Rayon extérieur,274.872,274.8,275.1
2025-08-09,S0093,1122,210.0,Rayon intérieur jante,210.08,209.7,210.3
2025-08-09,S0093,1122,320.0,Rayon hors tout,320.07,319.8,320.3
2025-08-09,S0093,1122,40.0,Rayon fond,40.031,39.9,40.1
2025-08-09,S0093,1122,325.81,Diamètre global max,325.999,325.31,326.11
2025-08-09,S0093,1122,275.0,Rayon extérieur (2e mention),275.275,274.4,275.6
2025-08-09,S0093,1122,30.0,Épaisseur patin,29.85,29.6,30.4
2025-08-09,S0093,1122,79.97,Largeur gorge centrale,79.861,79.77,80.17
2025-08-09,S0093,1122,40.0,Rayon fond (2e mention),39.904,39.85,40.15
2025-08-09,S0093,1122,175.0,Hauteur jante,175.024,174.75,175.25
2025-08-09,S0093,1122,145.0,Cercle de perçage,145.093,144.8,145.2
2025-08-09,S0093,1122,4.0,Rayon congé usinage,4.033,3.95,4.05
2025-08-09,S0093,1122,85.0,Petit alésage,84.979,84.8,85.2
2025-08-09,S0093,1122,95.0,Alésage moyen,94.824,94.75,95.25
2025-08-09,S0093,1122,105.0,Alésage grand,104.858,104.8,105.2
2025-08-10,S0094,2740,275.0,Rayon extérieur,274.856,274.8,275.1
2025-08-10,S0094,2740,210.0,Rayon intérieur jante,210.173,209.7,210.3
2025-08-10,S0094,2740,320.0,Rayon hors tout,320.206,319.8,320.3
2025-08-10,S0094,2740,40.0,Rayon fond,39.995,39.9,40.1
2025-08-10,S0094,2740,325.81,Diamètre global max,325.617,325.31,326.11
2025-08-10,S0094,2740,275.0,Rayon extérieur (2e mention),274.871,274.4,275.6
2025-08-10,S0094,2740,30.0,Épaisseur patin,30.2,29.6,30.4
2025-08-10,S0094,2740,79.97,Largeur gorge centrale,79.814,79.77,80.17
2025-08-10,S0094,2740,40.0,Rayon fond (2e mention),39.929,39.85,40.15
2025-08-10,S0094,2740,175.0,Hauteur jante,175.169,174.75,175.25
2025-08-10,S0094,2740,145.0,Cercle de perçage,145.166,144.8,145.2
2025-08-10,S0094,2740,4.0,Rayon congé usinage,4.004,3.95,4.05
2025-08-10,S0094,2740,85.0,Petit alésage,85.117,84.8,85.2
2025-08-10,S0094,2740,95.0,Alésage moyen,94.786,94.75,95.25
2025-08-10,S0094,2740,105.0,Alésage grand,105.079,104.8,105.2
2025-08-11,S0095,4176,275.0,Rayon extérieur,274.971,274.8,275.1
2025-08-11,S0095,4176,210.0,Rayon intérieur jante,210.003,209.7,210.3
2025-08-11,S0095,4176,320.0,Rayon hors tout,320.147,319.8,320.3
2025-08-11,S0095,4176,40.0,Rayon fond,40.025,39.9,40.1
2025-08-11,S0095,4176,325.81,Diamètre global max,325.626,325.31,326.11
2025-08-11,S0095,4176,275.0,Rayon extérieur (2e mention),275.046,274.4,275.6
2025-08-11,S0095,4176,30.0,Épaisseur patin,29.646,29.6,30.4
2025-08-11,S0095,4176,79.97,Largeur gorge centrale,80.167,79.77,80.17
2025-08-11,S0095,4176,40.0,Rayon fond (2e mention),39.979,39.85,40.15
2025-08-11,S0095,4176,175.0,Hauteur jante,175.137,174.75,175.25
2025-08-11,S0095,4176,145.0,Cercle de perçage,144.98,144.8,145.2
2025-08-11,S0095,4176,4.0,Rayon congé usinage,4.011,3.95,4.05
2025-08-11,S0095,4176,85.0,Petit alésage,84.828,84.8,85.2
2025-08-11,S0095,4176,95.0,Alésage moyen,94.922,94.75,95.25
2025-08-11,S0095,4176,105.0,Alésage grand,104.974,104.8,105.2
2025-08-12,S0096,5980,275.0,Rayon extérieur,274.913,274.8,275.1
2025-08-12,S0096,5980,210.0,Rayon intérieur jante,209.707,209.7,210.3
2025-08-12,S0096,5980,320.0,Rayon hors tout,319.996,319.8,320.3
2025-08-12,S0096,5980,40.0,Rayon fond,40.035,39.9,40.1
2025-08-12,S0096,5980,325.81,Diamètre global max,325.844,325.31,326.11
2025-08-12,S0096,5980,275.0,Rayon extérieur (2e mention),274.901,274.4,275.6
2025-08-12,S0096,5980,30.0,Épaisseur patin,29.988,29.6,30.4
2025-08-12,S0096,5980,79.97,Largeur gorge centrale,80.103,79.77,80.17
2025-08-12,S0096,5980,40.0,Rayon fond (2e mention),40.069,39.85,40.15
2025-08-12,S0096,5980,175.0,Hauteur jante,175.248,174.75,175.25
2025-08-12,S0096,5980,145.0,Cercle de perçage,145.172,144.8,145.2
2025-08-12,S0096,5980,4.0,Rayon congé usinage,4.01,3.95,4.05
2025-08-12,S0096,5980,85.0,Petit alésage,84.974,84.8,85.2
2025-08-12,S0096,5980,95.0,Alésage moyen,95.214,94.75,95.25
2025-08-12,S0096,5980,105.0,Alésage grand,104.978,104.8,105.2
2025-08-13,S0097,5386,275.0,Rayon extérieur,274.914,274.8,275.1
2025-08-13,S0097,5386,210.0,Rayon intérieur jante,210.173,209.7,210.3
2025-08-13,S0097,5386,320.0,Rayon hors tout,320.194,319.8,320.3
2025-08-13,S0097,5386,40.0,Rayon fond,40.009,39.9,40.1
2025-08-13,S0097,5386,325.81,Diamètre global max,325.317,325.31,326.11
2025-08-13,S0097,5386,275.0,Rayon extérieur (2e mention),275.254,274.4,275.6
2025-08-13,S0097,5386,30.0,Épaisseur patin,29.976,29.6,30.4
2025-08-13,S0097,5386,79.97,Largeur gorge centrale,80.056,79.77,80.17
2025-08-13,S0097,5386,40.0,Rayon fond (2e mention),39.963,39.85,40.15
2025-08-13,S0097,5386,175.0,Hauteur jante,174.919,174.75,175.25
2025-08-13,S0097,5386,145.0,Cercle de perçage,145.188,144.8,145.2
2025-08-13,S0097,5386,4.0,Rayon congé usinage,4.019,3.95,4.05
2025-08-13,S0097,5386,85.0,Petit alésage,84.814,84.8,85.2
2025-08-13,S0097,5386,95.0,Alésage moyen,94.953,94.75,95.25
2025-08-13,S0097,5386,105.0,Alésage grand,105.016,104.8,105.2
2025-08-14,S0098,5028,275.0,Rayon extérieur,274.809,274.8,275.1
2025-08-14,S0098,5028,210.0,Rayon intérieur jante,210.031,209.7,210.3
2025-08-14,S0098,5028,320.0,Rayon hors tout,320.223,319.8,320.3
2025-08-14,S0098,5028,40.0,Rayon fond,39.974,39.9,40.1
2025-08-14,S0098,5028,325.81,Diamètre global max,325.633,325.31,326.11
2025-08-14,S0098,5028,275.0,Rayon extérieur (2e mention),275.066,274.4,275.6
2025-08-14,S0098,5028,30.0,Épaisseur patin,29.733,29.6,30.4
2025-08-14,S0098,5028,79.97,Largeur gorge centrale,79.987,79.77,80.17
2025-08-14,S0098,5028,40.0,Rayon fond (2e mention),39.994,39.85,40.15
2025-08-14,S0098,5028,175.0,Hauteur jante,175.076,174.75,175.25
2025-08-14,S0098,5028,145.0,Cercle de perçage,144.992,144.8,145.2
2025-08-14,S0098,5028,4.0,Rayon congé usinage,4.024,3.95,4.05
2025-08-14,S0098,5028,85.0,Petit alésage,84.89,84.8,85.2
2025-08-14,S0098,5028,95.0,Alésage moyen,95.203,94.75,95.25
2025-08-14,S0098,5028,105.0,Alésage grand,104.84,104.8,105.2
2025-08-15,S0099,6663,275.0,Rayon extérieur,275.049,274.8,275.1
2025-08-15,S0099,6663,210.0,Rayon intérieur jante,209.817,209.7,210.3
2025-08-15,S0099,6663,320.0,Rayon hors tout,320.126,319.8,320.3
2025-08-15,S0099,6663,40.0,Rayon fond,39.945,39.9,40.1
2025-08-15,S0099,6663,325.81,Diamètre global max,325.398,325.31,326.11
2025-08-15,S0099,6663,275.0,Rayon extérieur (2e mention),274.608,274.4,275.6
2025-08-15,S0099,6663,30.0,Épaisseur patin,30.123,29.6,30.4
2025-08-15,S0099,6663,79.97,Largeur gorge centrale,79.814,79.77,80.17
2025-08-15,S0099,6663,40.0,Rayon fond (2e mention),40.113,39.85,40.15
2025-08-15,S0099,6663,175.0,Hauteur jante,174.786,174.75,175.25
2025-08-15,S0099,6663,145.0,Cercle de perçage,145.179,144.8,145.2
2025-08-15,S0099,6663,4.0,Rayon congé usinage,3.959,3.95,4.05
2025-08-15,S0099,6663,85.0,Petit alésage,84.94,84.8,85.2
2025-08-15,S0099,6663,95.0,Alésage moyen,95.069,94.75,95.25
2025-08-15,S0099,6663,105.0,Alésage grand,104.926,104.8,105.2
2025-08-16,S0100,5490,275.0,Rayon extérieur,274.937,274.8,275.1
2025-08-16,S0100,5490,210.0,Rayon intérieur jante,209.974,209.7,210.3
2025-08-16,S0100,5490,320.0,Rayon hors tout,319.922,319.8,320.3
2025-08-16,S0100,5490,40.0,Rayon fond,39.955,39.9,40.1
2025-08-16,S0100,5490,325.81,Diamètre global max,325.522,325.31,326.11
2025-08-16,S0100,5490,275.0,Rayon extérieur (2e mention),275.125,274.4,275.6
2025-08-16,S0100,5490,30.0,Épaisseur patin,30.364,29.6,30.4
2025-08-16,S0100,5490,79.97,Largeur gorge centrale,80.135,79.77,80.17
2025-08-16,S0100,5490,40.0,Rayon fond (2e mention),40.047,39.85,40.15
2025-08-16,S0100,5490,175.0,Hauteur jante,175.151,174.75,175.25
2025-08-16,S0100,5490,145.0,Cercle de perçage,145.039,144.8,145.2
2025-08-16,S0100,5490,4.0,Rayon congé usinage,4.027,3.95,4.05
2025-08-16,S0100,5490,85.0,Petit alésage,85.154,84.8,85.2
2025-08-16,S0100,5490,95.0,Alésage moyen,94.939,94.75,95.25
2025-08-16,S0100,5490,105.0,Alésage grand,104.935,104.8,105.2
